contest_name,managing_authority,election_id,election_name,election_domain_id,election_domain_name,election_date,station_name,station_id,postcode,cast,total_counted,rejected_blanco,rejected_ongeldig,uncounted_andere verklaring,uncounted_geen verklaring,uncounted_geldige kiezerspassen,uncounted_geldige stempassen,uncounted_geldige volmachtbewijzen,uncounted_kwijtgeraakte stembiljetten,uncounted_meegenomen stembiljetten,uncounted_meer getelde stembiljetten,uncounted_minder getelde stembiljetten,uncounted_te veel uitgereikte stembiljetten,uncounted_te weinig uitgereikte stembiljetten,uncounted_toegelaten kiezers,Partij van de Arbeid (P.v.d.A.),VVD,Democraten 66 (D66),CDA,GROENLINKS,SP (Socialistische Partij),Ouderen Appèl Eindhoven,Lijst Pim Fortuyn Eindhoven,Leefbaar Eindhoven,10,Samen Eindhoven,De Groenen,Partij van de Toekomst (PvdT),ChristenUnie,EenHeid Partij (EHP),TELEURGESTELDE BURGERS,OPA Eindhoven (Ouderen Politiek Actief)
,Eindhoven,GR2014_Eindhoven,Gemeenteraad Eindhoven 2014,0772,Eindhoven,2014-03-19,Stembureau Stadhuis,0772::SB1,,3482,947,6,2,0,0,0,870,85,0,0,0,0,0,0,955,142,224,208,46,116,92,34,9,32,24,5,1,1,5,1,5,2
,Eindhoven,GR2014_Eindhoven,Gemeenteraad Eindhoven 2014,0772,Eindhoven,2014-03-19,Stembureau Basisschool De Driestam,0772::SB2,,3276,609,8,1,0,0,0,550,69,0,1,0,1,0,0,619,119,76,106,30,57,71,52,18,23,15,11,0,4,5,7,10,5
,Eindhoven,GR2014_Eindhoven,Gemeenteraad Eindhoven 2014,0772,Eindhoven,2014-03-19,Stembureau Basisschool Fellenoord,0772::SB3,,3820,803,6,2,2,0,0,738,71,0,0,2,0,0,0,809,171,82,126,50,65,119,51,42,26,17,9,2,5,11,19,5,3
,Eindhoven,GR2014_Eindhoven,Gemeenteraad Eindhoven 2014,0772,Eindhoven,2014-03-19,Stembureau Buurtinfowinkel,0772::SB4,,3311,499,5,2,0,0,0,473,33,0,0,0,0,0,0,506,141,55,100,10,63,56,11,8,11,8,2,1,4,2,11,13,3
,Eindhoven,GR2014_Eindhoven,Gemeenteraad Eindhoven 2014,0772,Eindhoven,2014-03-19,Stembureau zorgcentrum De Horst,0772::SB5,,2898,512,4,1,0,0,0,477,40,0,0,0,0,0,0,517,63,52,80,55,31,69,93,18,13,0,2,0,1,12,3,11,9
,Eindhoven,GR2014_Eindhoven,Gemeenteraad Eindhoven 2014,0772,Eindhoven,2014-03-19,Stembureau Basisschool Atalanta,0772::SB6,,3619,835,7,2,0,0,0,777,67,0,0,0,0,0,0,844,187,84,104,62,36,137,79,36,38,13,6,0,11,13,12,9,8
,Eindhoven,GR2014_Eindhoven,Gemeenteraad Eindhoven 2014,0772,Eindhoven,2014-03-19,Stembureau Elf13,0772::SB7,,3422,694,5,2,0,0,0,627,74,0,0,0,0,0,0,701,143,48,109,41,46,121,61,36,25,16,5,1,4,11,17,5,5
,Eindhoven,GR2014_Eindhoven,Gemeenteraad Eindhoven 2014,0772,Eindhoven,2014-03-19,Stembureau de Korenaar,0772::SB8,,2076,886,4,1,0,0,0,824,67,0,0,0,0,0,0,891,143,115,146,94,48,126,73,29,18,2,8,0,5,51,4,18,6
,Eindhoven,GR2014_Eindhoven,Gemeenteraad Eindhoven 2014,0772,Eindhoven,2014-03-19,Stembureau Ontmoetingsruimte Pieter Eiffhuis,0772::SB9,,2645,464,3,0,0,0,0,432,35,0,0,0,0,0,0,467,37,57,48,58,16,61,90,24,40,3,4,1,3,17,0,0,5
,Eindhoven,GR2014_Eindhoven,Gemeenteraad Eindhoven 2014,0772,Eindhoven,2014-03-19,Stembureau Basisschool Gunterslaer,0772::SB10,,1448,841,9,3,0,0,0,764,89,0,0,0,0,0,0,853,94,154,126,94,44,111,82,42,34,15,8,0,4,17,0,7,9
,Eindhoven,GR2014_Eindhoven,Gemeenteraad Eindhoven 2014,0772,Eindhoven,2014-03-19,Stembureau Vrijetijdsaccommodatie De Mortel,0772::SB11,,3029,966,6,1,0,0,0,866,107,0,0,0,0,0,0,973,134,106,117,72,56,221,93,55,43,12,12,0,9,11,0,13,12
,Eindhoven,GR2014_Eindhoven,Gemeenteraad Eindhoven 2014,0772,Eindhoven,2014-03-19,Stembureau Gymzaal,0772::SB12,,2816,416,4,1,0,1,0,380,40,0,0,1,0,0,0,420,66,31,39,40,23,77,43,18,30,10,5,0,7,14,0,6,7
,Eindhoven,GR2014_Eindhoven,Gemeenteraad Eindhoven 2014,0772,Eindhoven,2014-03-19,Stembureau service verzorgingscentrum Antonius,0772::SB13,,3129,881,2,2,0,0,0,771,114,0,0,0,0,0,0,885,74,159,106,161,25,60,83,79,55,5,17,1,3,38,0,7,8
,Eindhoven,GR2014_Eindhoven,Gemeenteraad Eindhoven 2014,0772,Eindhoven,2014-03-19,Stembureau zorgcentrum Den Eerdbrand/De Bevelanden,0772::SB14,,3017,722,1,3,0,0,0,650,76,0,0,0,0,0,0,726,82,52,94,100,28,127,88,61,35,5,7,0,2,23,4,7,7
,Eindhoven,GR2014_Eindhoven,Gemeenteraad Eindhoven 2014,0772,Eindhoven,2014-03-19,Stembureau Basisschool de Schelp,0772::SB15,,1502,725,3,3,0,0,0,648,83,0,0,0,0,0,0,731,137,42,59,44,19,131,100,55,32,9,2,1,9,18,31,32,4
,Eindhoven,GR2014_Eindhoven,Gemeenteraad Eindhoven 2014,0772,Eindhoven,2014-03-19,Stembureau Wijkcentrum 't Trefpunt,0772::SB16,,1661,781,5,2,0,0,0,704,84,0,0,0,0,0,0,788,108,69,65,80,42,165,100,45,22,9,12,2,2,19,17,19,5
,Eindhoven,GR2014_Eindhoven,Gemeenteraad Eindhoven 2014,0772,Eindhoven,2014-03-19,Stembureau Ontmoetingscentrum Vivaldi,0772::SB17,,2337,456,0,4,0,2,0,440,22,0,0,0,2,0,0,462,55,26,33,39,11,102,76,51,18,7,4,0,6,11,5,4,8
,Eindhoven,GR2014_Eindhoven,Gemeenteraad Eindhoven 2014,0772,Eindhoven,2014-03-19,Stembureau Basisschool Cornelis Jetses,0772::SB18,,2807,546,4,1,0,0,0,495,56,0,0,0,0,0,0,551,117,34,51,52,31,92,62,29,23,10,10,1,6,14,8,3,3
,Eindhoven,GR2014_Eindhoven,Gemeenteraad Eindhoven 2014,0772,Eindhoven,2014-03-19,Stembureau Jurriaan Pels wooncentrum,0772::SB19,,1515,651,4,2,0,0,0,612,45,0,0,0,0,0,0,657,96,57,52,79,26,91,140,27,18,9,10,0,5,14,4,12,11
,Eindhoven,GR2014_Eindhoven,Gemeenteraad Eindhoven 2014,0772,Eindhoven,2014-03-19,Stembureau Basisschool de Korenaar,0772::SB20,,3042,499,8,0,0,0,0,458,49,0,0,0,0,0,0,507,91,33,52,44,16,86,72,28,24,6,3,0,2,19,15,4,4
,Eindhoven,GR2014_Eindhoven,Gemeenteraad Eindhoven 2014,0772,Eindhoven,2014-03-19,Stembureau service verzorgingscentrum Brunswijck,0772::SB21,,3274,459,2,2,0,0,0,412,51,0,0,0,0,0,0,463,79,35,37,47,18,84,68,21,24,8,5,0,4,12,11,5,1
,Eindhoven,GR2014_Eindhoven,Gemeenteraad Eindhoven 2014,0772,Eindhoven,2014-03-19,Stembureau Gemeenschapshuis De Uitwijk,0772::SB22,,2759,586,6,1,0,0,0,541,52,0,0,0,0,0,0,593,82,58,88,43,23,104,85,42,20,5,6,0,5,10,10,4,1
,Eindhoven,GR2014_Eindhoven,Gemeenteraad Eindhoven 2014,0772,Eindhoven,2014-03-19,Stembureau service verzorgingscentrum Peppelrode,0772::SB23,,1827,810,0,2,0,0,0,743,69,0,0,0,0,0,0,812,121,107,106,91,44,105,125,31,25,15,1,0,5,12,3,9,10
,Eindhoven,GR2014_Eindhoven,Gemeenteraad Eindhoven 2014,0772,Eindhoven,2014-03-19,Stembureau Basisschool Wethouder van Eupen,0772::SB24,,2089,700,3,0,0,0,0,643,60,0,0,0,0,0,0,703,89,95,111,77,65,96,93,12,18,7,6,1,3,14,0,8,5
,Eindhoven,GR2014_Eindhoven,Gemeenteraad Eindhoven 2014,0772,Eindhoven,2014-03-19,Stembureau Buurthuis de Boemerang,0772::SB25,,4190,540,1,3,0,0,0,503,43,0,0,0,2,0,0,546,82,55,64,53,29,73,72,18,27,9,6,1,1,18,22,8,2
,Eindhoven,GR2014_Eindhoven,Gemeenteraad Eindhoven 2014,0772,Eindhoven,2014-03-19,Stembureau Ontmoetingscentrum de Cabine,0772::SB26,,3531,799,0,1,7,0,0,707,92,0,0,7,0,0,0,799,108,68,79,72,40,135,108,60,17,7,33,2,5,38,5,12,10
,Eindhoven,GR2014_Eindhoven,Gemeenteraad Eindhoven 2014,0772,Eindhoven,2014-03-19,Stembureau Basisschool Louis Buelens,0772::SB27,,2897,686,0,1,0,0,0,623,64,0,0,0,0,0,0,687,83,86,90,61,42,101,94,24,25,7,26,4,6,16,4,14,3
,Eindhoven,GR2014_Eindhoven,Gemeenteraad Eindhoven 2014,0772,Eindhoven,2014-03-19,Stembureau Verpleeghuis Dommelhoef,0772::SB28,,1656,1030,4,7,0,1,0,937,105,0,0,0,1,0,0,1042,168,270,212,65,97,85,43,17,31,11,10,2,4,11,2,2,0
,Eindhoven,GR2014_Eindhoven,Gemeenteraad Eindhoven 2014,0772,Eindhoven,2014-03-19,Stembureau gebouw Rode Kruis,0772::SB29,,1803,881,8,0,0,8,0,806,75,0,0,8,0,0,0,881,212,107,133,40,71,95,84,18,28,20,5,3,12,14,9,24,6
,Eindhoven,GR2014_Eindhoven,Gemeenteraad Eindhoven 2014,0772,Eindhoven,2014-03-19,Stembureau Basisschool De Driesprong,0772::SB30,,3528,562,4,0,0,0,0,502,64,0,0,0,0,0,0,566,169,38,65,29,36,86,56,18,25,7,7,2,2,10,6,2,4
,Eindhoven,GR2014_Eindhoven,Gemeenteraad Eindhoven 2014,0772,Eindhoven,2014-03-19,Stembureau Vitalis Berckelhof,0772::SB31,,3678,744,4,2,0,0,0,699,51,0,0,0,0,0,0,750,144,77,76,60,51,119,71,37,38,12,5,0,6,18,13,8,9
,Eindhoven,GR2014_Eindhoven,Gemeenteraad Eindhoven 2014,0772,Eindhoven,2014-03-19,Stembureau Activiteitencentrum Orka,0772::SB32,,2917,629,6,2,0,0,0,583,54,0,0,0,0,0,0,637,110,53,82,27,51,122,66,37,19,10,6,0,7,10,5,20,4
,Eindhoven,GR2014_Eindhoven,Gemeenteraad Eindhoven 2014,0772,Eindhoven,2014-03-19,Stembureau Spilcentrum de Boog,0772::SB33,,3233,779,5,2,0,0,0,693,93,0,0,0,0,0,0,786,119,133,122,88,37,87,104,19,23,7,3,1,1,7,3,16,9
,Eindhoven,GR2014_Eindhoven,Gemeenteraad Eindhoven 2014,0772,Eindhoven,2014-03-19,Stembureau Woonzorgcentrum Wilgenhof,0772::SB34,,3473,808,4,2,2,0,0,733,83,0,0,0,2,0,0,816,106,105,148,91,112,108,74,11,16,9,2,2,1,6,0,14,3
,Eindhoven,GR2014_Eindhoven,Gemeenteraad Eindhoven 2014,0772,Eindhoven,2014-03-19,Stembureau Basisschool De Wilakkers,0772::SB35,,3362,604,3,7,0,1,0,573,40,0,0,1,0,0,0,613,95,85,117,37,93,81,45,7,13,8,2,0,5,3,1,10,2
,Eindhoven,GR2014_Eindhoven,Gemeenteraad Eindhoven 2014,0772,Eindhoven,2014-03-19,Stembureau Basisschool Beppino Sarto,0772::SB36,,3045,621,7,2,0,0,0,570,60,0,0,0,0,0,0,630,144,74,83,41,38,107,42,23,23,17,5,0,1,8,5,9,1
,Eindhoven,GR2014_Eindhoven,Gemeenteraad Eindhoven 2014,0772,Eindhoven,2014-03-19,Stembureau Basisschool De Zevensprong,0772::SB37,,4192,668,5,2,0,0,0,619,56,0,0,0,0,0,0,675,139,50,89,32,58,136,91,15,17,13,1,2,5,3,0,13,4
,Eindhoven,GR2014_Eindhoven,Gemeenteraad Eindhoven 2014,0772,Eindhoven,2014-03-19,Stembureau Basisschool De Regenboog,0772::SB38,,3390,813,5,4,0,0,0,746,75,0,0,0,8,0,0,821,150,111,125,43,96,145,58,5,27,8,1,1,8,15,3,11,6
,Eindhoven,GR2014_Eindhoven,Gemeenteraad Eindhoven 2014,0772,Eindhoven,2014-03-19,Stembureau Basisschool De Talisman,0772::SB39,,3150,828,1,3,0,1,0,755,78,0,0,0,1,0,0,833,162,73,167,54,104,112,54,7,38,13,5,2,2,7,3,19,6
,Eindhoven,GR2014_Eindhoven,Gemeenteraad Eindhoven 2014,0772,Eindhoven,2014-03-19,Stembureau Vitalis Kortonjo,0772::SB40,,1613,992,4,11,0,0,0,901,108,0,0,0,2,2,0,1009,114,267,178,133,73,77,59,11,50,6,13,1,0,5,0,3,2
,Eindhoven,GR2014_Eindhoven,Gemeenteraad Eindhoven 2014,0772,Eindhoven,2014-03-19,Stembureau Parktheater,0772::SB41,,2549,622,10,1,0,0,0,567,66,0,0,0,0,0,0,633,95,160,124,61,64,30,27,13,23,13,2,2,1,3,0,4,0
,Eindhoven,GR2014_Eindhoven,Gemeenteraad Eindhoven 2014,0772,Eindhoven,2014-03-19,Stembureau recreatieruimte Hof van Eden,0772::SB42,,1745,1016,10,0,0,0,0,933,94,0,0,0,1,0,0,1027,216,142,198,42,141,132,41,15,43,12,5,2,1,18,0,5,3
,Eindhoven,GR2014_Eindhoven,Gemeenteraad Eindhoven 2014,0772,Eindhoven,2014-03-19,Stembureau Buurtcentrum de Rondweg,0772::SB43,,1642,830,2,3,0,0,0,772,63,0,0,0,0,0,0,835,186,127,144,46,103,107,44,12,24,16,3,0,3,6,1,4,4
,Eindhoven,GR2014_Eindhoven,Gemeenteraad Eindhoven 2014,0772,Eindhoven,2014-03-19,Stembureau Jean Sibelius,0772::SB44,,4581,733,10,2,1,0,0,691,53,0,0,1,0,0,0,744,112,64,124,66,64,104,95,22,19,14,5,3,2,15,6,12,6
,Eindhoven,GR2014_Eindhoven,Gemeenteraad Eindhoven 2014,0772,Eindhoven,2014-03-19,Stembureau Wijkcentrum de Dommel,0772::SB45,,4125,460,3,1,0,0,0,405,59,0,0,0,0,0,0,464,104,30,35,16,27,87,61,16,19,6,2,0,1,18,8,29,1
,Eindhoven,GR2014_Eindhoven,Gemeenteraad Eindhoven 2014,0772,Eindhoven,2014-03-19,Stembureau Wijkgebouw 't Slot,0772::SB46,,3649,617,4,2,0,0,0,573,50,0,0,0,0,0,0,623,86,84,89,54,42,92,75,25,18,11,4,1,3,24,0,8,1
,Eindhoven,GR2014_Eindhoven,Gemeenteraad Eindhoven 2014,0772,Eindhoven,2014-03-19,Stembureau woonzorgcentrum Genderhof,0772::SB47,,2837,645,5,2,0,0,0,585,67,0,0,0,0,0,0,652,85,83,74,66,44,122,60,46,24,6,5,1,8,6,1,8,6
,Eindhoven,GR2014_Eindhoven,Gemeenteraad Eindhoven 2014,0772,Eindhoven,2014-03-19,Stembureau Basisschool Karel de Grote,0772::SB48,,1455,818,4,2,0,0,0,748,76,0,0,0,0,0,0,824,140,50,85,64,61,164,105,17,33,16,8,4,2,17,17,25,10
,Eindhoven,GR2014_Eindhoven,Gemeenteraad Eindhoven 2014,0772,Eindhoven,2014-03-19,Stembureau Vitalis Engelsbergen,0772::SB49,,1376,606,3,4,0,0,0,614,0,0,0,0,1,0,0,614,106,67,82,56,48,99,70,9,21,9,6,1,0,11,7,3,11
,Eindhoven,GR2014_Eindhoven,Gemeenteraad Eindhoven 2014,0772,Eindhoven,2014-03-19,Stembureau Vitalis Vonderhof,0772::SB50,,3783,720,5,0,0,0,0,675,50,0,0,0,0,0,0,725,106,121,152,33,92,95,46,12,20,10,5,1,3,8,4,5,7
,Eindhoven,GR2014_Eindhoven,Gemeenteraad Eindhoven 2014,0772,Eindhoven,2014-03-19,Stembureau Summa College Welzijn,0772::SB51,,2988,514,3,1,0,0,0,460,58,0,0,0,0,0,0,518,97,58,92,26,69,79,30,10,25,13,4,1,2,5,0,2,1
,Eindhoven,GR2014_Eindhoven,Gemeenteraad Eindhoven 2014,0772,Eindhoven,2014-03-19,Stembureau Wijkgebouw Het Kraaiennest,0772::SB52,,3543,770,3,1,0,0,0,705,69,0,0,0,0,0,0,774,93,93,113,54,67,137,75,39,34,15,10,1,7,11,4,13,4
,Eindhoven,GR2014_Eindhoven,Gemeenteraad Eindhoven 2014,0772,Eindhoven,2014-03-19,Stembureau Gemeenschapshuis de Lievendaal,0772::SB53,,3528,588,2,3,0,0,0,534,59,0,0,0,0,0,0,593,77,65,82,36,25,122,83,28,28,6,3,0,2,12,3,7,9
,Eindhoven,GR2014_Eindhoven,Gemeenteraad Eindhoven 2014,0772,Eindhoven,2014-03-19,Stembureau Vitalis Theresia,0772::SB54,,2917,969,6,4,0,0,0,903,76,0,0,0,0,0,0,979,144,101,112,59,82,200,93,42,48,23,9,4,9,18,1,13,11
,Eindhoven,GR2014_Eindhoven,Gemeenteraad Eindhoven 2014,0772,Eindhoven,2014-03-19,Stembureau Basisschool Onder de Wieken,0772::SB55,,2510,544,11,1,0,0,0,500,56,0,0,0,0,0,0,556,62,75,59,65,27,73,52,40,46,6,6,0,2,13,3,11,4
,Eindhoven,GR2014_Eindhoven,Gemeenteraad Eindhoven 2014,0772,Eindhoven,2014-03-19,Stembureau basisschool De Boschuil,0772::SB56,,2908,631,4,1,0,0,0,558,78,0,0,0,0,0,0,636,65,138,107,82,21,55,54,43,36,8,4,1,3,3,1,7,3
,Eindhoven,GR2014_Eindhoven,Gemeenteraad Eindhoven 2014,0772,Eindhoven,2014-03-19,Stembureau Vrijetijdsaccomodatie Blixems,0772::SB57,,1403,566,2,0,0,0,0,500,68,0,0,0,0,0,0,568,58,133,110,70,21,43,39,32,27,7,5,0,2,8,0,9,2
,Eindhoven,GR2014_Eindhoven,Gemeenteraad Eindhoven 2014,0772,Eindhoven,2014-03-19,Stembureau Basisschool de Vuurvlinder,0772::SB58,,2425,444,0,0,0,0,0,391,53,0,0,0,0,0,0,444,68,101,67,34,16,44,17,30,28,3,8,0,2,12,0,11,3
,Eindhoven,GR2014_Eindhoven,Gemeenteraad Eindhoven 2014,0772,Eindhoven,2014-03-19,Stembureau Basisschool De reis van Brandaan,0772::SB59,,1556,959,1,2,0,0,0,864,98,0,0,0,0,0,0,962,114,219,169,86,76,89,96,31,22,7,5,0,4,13,1,20,7
,Eindhoven,GR2014_Eindhoven,Gemeenteraad Eindhoven 2014,0772,Eindhoven,2014-03-19,Stembureau Woonzorgcentrum Gagelbosch,0772::SB60,,0,537,2,2,0,0,0,492,49,0,0,0,0,0,0,541,69,38,56,52,19,88,130,18,25,3,5,4,3,6,1,16,4
,Eindhoven,GR2014_Eindhoven,Gemeenteraad Eindhoven 2014,0772,Eindhoven,2014-03-19,Stembureau Basisschool 't Slingertouw,0772::SB61,,1791,799,3,2,0,0,0,702,102,0,0,0,0,0,0,804,118,174,133,48,52,99,28,25,47,13,25,0,7,14,2,11,3
,Eindhoven,GR2014_Eindhoven,Gemeenteraad Eindhoven 2014,0772,Eindhoven,2014-03-19,Stembureau De Hangar,0772::SB62,,2564,840,3,2,0,0,0,765,80,0,0,0,0,0,0,845,136,176,145,52,45,88,67,28,34,9,28,1,5,13,0,10,3
,Eindhoven,GR2014_Eindhoven,Gemeenteraad Eindhoven 2014,0772,Eindhoven,2014-03-19,Stembureau Kantine sportpark Meerhoven,0772::SB63,,2623,769,2,3,0,0,0,656,118,0,0,0,0,0,0,774,111,210,138,54,44,54,43,28,30,8,14,0,6,13,3,11,2
,Eindhoven,GR2014_Eindhoven,Gemeenteraad Eindhoven 2014,0772,Eindhoven,2014-03-19,Stembureau Station NS centrumzijde,0772::SB64,,0,1428,18,3,0,1,0,1355,95,0,0,0,1,0,0,1450,215,244,386,53,175,114,35,28,46,61,17,1,10,26,8,7,2
,Eindhoven,GR2014_Eindhoven,Gemeenteraad Eindhoven 2014,0772,Eindhoven,2014-03-19,Stembureau Nat Lab,0772::SB65,,2572,985,12,4,0,0,0,939,62,0,0,0,0,0,0,1001,139,129,230,36,162,117,38,20,37,38,4,2,4,9,2,10,8
,Eindhoven,GR2014_Eindhoven,Gemeenteraad Eindhoven 2014,0772,Eindhoven,2014-03-19,Stembureau B&O gebouw,0772::SB66,,0,369,1,3,0,0,0,348,25,0,0,0,0,0,0,373,76,36,32,16,16,75,37,28,9,9,5,2,8,7,6,6,1
,Eindhoven,GR2014_Eindhoven,Gemeenteraad Eindhoven 2014,0772,Eindhoven,2014-03-19,Stembureau Sociëteit Het Struikske,0772::SB67,,0,187,0,2,0,0,0,172,17,0,0,0,0,0,0,189,32,3,12,15,7,52,7,16,14,3,4,0,2,12,1,5,2
,Eindhoven,GR2014_Eindhoven,Gemeenteraad Eindhoven 2014,0772,Eindhoven,2014-03-19,Stembureau Stadhuis,0772::SB68,,0,953,15,2,0,2,0,908,64,0,0,0,2,0,0,972,135,210,191,49,83,98,53,21,51,21,7,4,9,11,2,5,3
,Eindhoven,GR2014_Eindhoven,Gemeenteraad Eindhoven 2014,0772,Eindhoven,2014-03-19,Stembureau Basisschool De Driestam,0772::SB69,,0,614,3,0,0,0,0,555,62,0,0,0,0,0,0,617,129,66,104,36,61,66,49,24,22,9,10,1,7,9,7,13,1
,Eindhoven,GR2014_Eindhoven,Gemeenteraad Eindhoven 2014,0772,Eindhoven,2014-03-19,Stembureau Basisschool Fellenoord,0772::SB70,,0,835,6,3,0,0,0,780,67,0,0,0,3,0,0,847,155,81,141,43,70,135,60,43,33,16,6,3,9,10,6,19,5
,Eindhoven,GR2014_Eindhoven,Gemeenteraad Eindhoven 2014,0772,Eindhoven,2014-03-19,Stembureau Buurtinfowinkel,0772::SB71,,0,561,2,2,0,0,0,516,49,0,0,0,0,0,0,565,140,45,110,11,76,80,16,10,19,11,4,1,8,9,11,5,5
,Eindhoven,GR2014_Eindhoven,Gemeenteraad Eindhoven 2014,0772,Eindhoven,2014-03-19,Stembureau Vitalis De Horst,0772::SB72,,0,593,4,1,0,0,0,543,55,0,0,0,0,0,0,598,68,56,66,98,34,64,109,23,17,11,9,2,3,11,13,3,6
,Eindhoven,GR2014_Eindhoven,Gemeenteraad Eindhoven 2014,0772,Eindhoven,2014-03-19,Stembureau Basisschool Atalanta,0772::SB73,,0,539,6,1,0,0,0,480,66,0,0,0,0,0,0,546,130,34,52,45,34,83,50,16,24,23,5,0,2,16,17,4,4
,Eindhoven,GR2014_Eindhoven,Gemeenteraad Eindhoven 2014,0772,Eindhoven,2014-03-19,Stembureau Ontmoetingsruimte Pieter Eiffhuis,0772::SB74,,0,591,2,1,0,0,0,558,36,0,0,0,0,0,0,594,63,52,60,68,16,99,116,31,28,3,6,0,3,30,0,9,7
,Eindhoven,GR2014_Eindhoven,Gemeenteraad Eindhoven 2014,0772,Eindhoven,2014-03-19,Stembureau Vrijetijdsaccommodatie De Mortel,0772::SB75,,0,462,0,1,0,0,0,423,40,0,0,0,0,0,0,463,56,52,48,47,24,104,47,26,22,8,6,0,4,11,0,2,5
,Eindhoven,GR2014_Eindhoven,Gemeenteraad Eindhoven 2014,0772,Eindhoven,2014-03-19,Stembureau Gymzaal Bordeauxlaan,0772::SB76,,0,484,3,2,0,0,0,433,56,0,0,0,0,0,0,489,51,51,51,36,19,93,45,33,30,11,6,0,4,31,0,15,8
,Eindhoven,GR2014_Eindhoven,Gemeenteraad Eindhoven 2014,0772,Eindhoven,2014-03-19,Stembureau Service/verzorgingscentrum Antonius,0772::SB77,,0,859,0,0,0,0,0,762,97,0,0,0,0,0,0,859,50,163,95,187,28,58,74,62,76,7,12,0,5,32,0,7,3
,Eindhoven,GR2014_Eindhoven,Gemeenteraad Eindhoven 2014,0772,Eindhoven,2014-03-19,Stembureau Archipel Den Eerdbrand/De Bevelanden,0772::SB78,,0,563,2,0,0,0,0,509,56,0,0,0,0,0,0,565,79,64,57,54,29,107,62,28,33,7,8,0,2,14,2,13,4
,Eindhoven,GR2014_Eindhoven,Gemeenteraad Eindhoven 2014,0772,Eindhoven,2014-03-19,Stembureau Ontmoetingscentrum Vivaldi,0772::SB79,,0,542,3,1,0,1,0,490,54,0,0,2,0,0,0,544,72,31,48,51,18,111,94,50,21,3,4,0,1,19,7,7,5
,Eindhoven,GR2014_Eindhoven,Gemeenteraad Eindhoven 2014,0772,Eindhoven,2014-03-19,Stembureau Basisschool Cornelis Jetses,0772::SB80,,0,539,4,0,0,0,0,481,62,0,0,0,0,0,0,543,124,50,44,49,38,89,55,18,19,2,11,1,2,12,12,9,4
,Eindhoven,GR2014_Eindhoven,Gemeenteraad Eindhoven 2014,0772,Eindhoven,2014-03-19,Stembureau Basisschool de Korenaar,0772::SB81,,0,616,1,2,0,0,0,547,72,0,0,0,0,0,0,619,120,46,60,48,39,113,92,24,22,4,6,1,0,23,10,6,2
,Eindhoven,GR2014_Eindhoven,Gemeenteraad Eindhoven 2014,0772,Eindhoven,2014-03-19,Stembureau Vitalis Brunswijck,0772::SB82,,0,747,6,0,0,0,0,687,66,0,0,0,0,0,0,753,108,67,78,58,41,134,130,44,25,11,9,0,6,23,1,8,4
,Eindhoven,GR2014_Eindhoven,Gemeenteraad Eindhoven 2014,0772,Eindhoven,2014-03-19,Stembureau Gemeenschapshuis De Uitwijk,0772::SB83,,0,566,1,3,0,0,0,514,56,0,0,0,0,0,0,570,74,50,79,47,34,77,90,20,24,11,14,2,4,19,7,12,2
,Eindhoven,GR2014_Eindhoven,Gemeenteraad Eindhoven 2014,0772,Eindhoven,2014-03-19,Stembureau Basisschool Wethouder van Eupen,0772::SB84,,0,605,0,0,0,0,0,555,50,0,0,1,0,0,0,605,81,107,110,44,58,82,58,12,16,9,4,1,1,10,3,5,4
,Eindhoven,GR2014_Eindhoven,Gemeenteraad Eindhoven 2014,0772,Eindhoven,2014-03-19,Stembureau Buurthuis de Boemerang,0772::SB85,,0,590,0,0,0,0,0,544,46,0,0,0,0,0,0,590,81,65,68,80,29,80,94,19,27,6,1,0,7,21,3,4,5
,Eindhoven,GR2014_Eindhoven,Gemeenteraad Eindhoven 2014,0772,Eindhoven,2014-03-19,Stembureau Buurthuis de Boemerang,0772::SB86,,0,746,1,1,0,1,0,663,86,0,0,0,1,0,0,749,97,96,84,78,36,95,127,26,35,5,10,0,7,14,19,13,4
,Eindhoven,GR2014_Eindhoven,Gemeenteraad Eindhoven 2014,0772,Eindhoven,2014-03-19,Stembureau Ontmoetingscentrum de Cabine,0772::SB87,,0,576,0,2,0,0,0,523,55,0,0,0,0,0,0,578,71,44,61,64,36,87,84,34,16,6,20,2,4,24,13,8,2
,Eindhoven,GR2014_Eindhoven,Gemeenteraad Eindhoven 2014,0772,Eindhoven,2014-03-19,Stembureau Basisschool Louis Buelens,0772::SB88,,0,770,3,4,0,0,0,691,87,0,0,0,0,0,0,778,109,99,87,71,63,89,100,31,28,14,33,0,5,12,8,14,7
,Eindhoven,GR2014_Eindhoven,Gemeenteraad Eindhoven 2014,0772,Eindhoven,2014-03-19,Stembureau Basisschool De Driesprong,0772::SB89,,0,654,7,6,0,0,0,613,54,0,0,0,0,0,0,667,153,57,73,41,33,139,59,21,25,11,7,2,3,17,6,2,5
,Eindhoven,GR2014_Eindhoven,Gemeenteraad Eindhoven 2014,0772,Eindhoven,2014-03-19,Stembureau Vitalis Berckelhof,0772::SB90,,0,562,5,2,0,0,0,519,50,0,0,0,0,0,0,569,149,57,69,39,40,98,28,12,14,13,2,1,3,9,6,13,9
,Eindhoven,GR2014_Eindhoven,Gemeenteraad Eindhoven 2014,0772,Eindhoven,2014-03-19,Stembureau Activiteitencentrum Orka,0772::SB91,,0,604,4,6,0,0,0,569,45,0,0,0,0,0,0,614,84,55,79,41,49,129,66,24,24,6,7,1,4,13,6,15,1
,Eindhoven,GR2014_Eindhoven,Gemeenteraad Eindhoven 2014,0772,Eindhoven,2014-03-19,Stembureau Spilcentrum de Boog,0772::SB92,,0,769,7,5,0,0,0,716,65,0,0,0,0,0,0,781,92,162,104,88,51,92,73,25,19,13,1,1,3,20,2,18,5
,Eindhoven,GR2014_Eindhoven,Gemeenteraad Eindhoven 2014,0772,Eindhoven,2014-03-19,Stembureau Vitalis Wilgenhof,0772::SB93,,0,905,2,4,0,1,0,820,90,0,0,1,0,0,0,910,135,99,181,100,96,133,87,8,20,9,6,4,1,6,3,8,9
,Eindhoven,GR2014_Eindhoven,Gemeenteraad Eindhoven 2014,0772,Eindhoven,2014-03-19,Stembureau Basisschool De Wilakkers,0772::SB94,,0,696,9,3,0,0,0,649,54,0,0,5,0,0,0,703,120,86,144,48,79,92,51,10,29,7,3,0,3,10,5,7,2
,Eindhoven,GR2014_Eindhoven,Gemeenteraad Eindhoven 2014,0772,Eindhoven,2014-03-19,Stembureau Basisschool Beppino Sarto,0772::SB95,,0,740,14,3,0,0,0,682,75,0,0,0,0,0,0,757,172,105,88,48,56,120,51,21,33,14,4,0,4,7,5,7,5
,Eindhoven,GR2014_Eindhoven,Gemeenteraad Eindhoven 2014,0772,Eindhoven,2014-03-19,Stembureau Basisschool De Zevensprong,0772::SB96,,0,905,4,1,0,0,0,808,103,0,0,0,1,0,0,911,177,62,119,51,89,171,125,24,31,7,6,0,6,6,6,19,6
,Eindhoven,GR2014_Eindhoven,Gemeenteraad Eindhoven 2014,0772,Eindhoven,2014-03-19,Stembureau Basisschool De Regenboog,0772::SB97,,0,753,4,6,0,0,0,697,66,0,0,0,0,0,0,763,131,90,107,62,99,135,58,8,26,8,6,3,1,7,5,5,2
,Eindhoven,GR2014_Eindhoven,Gemeenteraad Eindhoven 2014,0772,Eindhoven,2014-03-19,Stembureau Basisschool De Talisman,0772::SB98,,0,979,2,5,0,0,0,900,86,0,0,0,0,0,0,986,223,127,148,56,114,156,54,5,31,18,0,1,4,12,1,26,3
,Eindhoven,GR2014_Eindhoven,Gemeenteraad Eindhoven 2014,0772,Eindhoven,2014-03-19,Stembureau Parktheater,0772::SB99,,0,709,4,6,0,0,0,634,86,0,0,0,1,0,0,720,89,216,150,48,64,42,27,5,41,9,4,0,2,5,1,4,2
,Eindhoven,GR2014_Eindhoven,Gemeenteraad Eindhoven 2014,0772,Eindhoven,2014-03-19,Stembureau Wijkcentrum de Dommel,0772::SB100,,0,431,4,5,0,0,0,376,64,0,0,0,0,0,0,440,116,30,32,21,31,66,48,16,8,5,3,2,0,18,2,31,2
,Eindhoven,GR2014_Eindhoven,Gemeenteraad Eindhoven 2014,0772,Eindhoven,2014-03-19,Stembureau Wijkgebouw 't Slot,0772::SB101,,0,626,6,2,0,0,0,576,58,0,0,0,0,0,0,634,95,76,74,57,37,102,82,27,19,8,7,1,0,22,8,7,4
,Eindhoven,GR2014_Eindhoven,Gemeenteraad Eindhoven 2014,0772,Eindhoven,2014-03-19,Stembureau Wijkgebouw 't Slot,0772::SB102,,0,607,10,3,0,0,0,564,56,0,0,0,0,0,0,620,68,85,77,67,40,99,73,15,29,8,4,0,4,14,10,10,4
,Eindhoven,GR2014_Eindhoven,Gemeenteraad Eindhoven 2014,0772,Eindhoven,2014-03-19,Stembureau Archipel Genderhof,0772::SB103,,0,710,7,5,0,0,0,670,52,0,0,0,0,0,0,722,78,77,106,71,47,121,64,45,47,5,4,2,3,20,4,9,7
,Eindhoven,GR2014_Eindhoven,Gemeenteraad Eindhoven 2014,0772,Eindhoven,2014-03-19,Stembureau Vitalis Vonderhof,0772::SB104,,0,523,3,2,0,0,0,489,39,0,0,0,0,0,0,528,85,98,99,25,71,52,33,6,21,9,7,0,2,6,3,5,1
,Eindhoven,GR2014_Eindhoven,Gemeenteraad Eindhoven 2014,0772,Eindhoven,2014-03-19,Stembureau Summa College Welzijn,0772::SB105,,0,726,5,2,0,0,0,650,83,0,0,0,0,0,0,733,158,99,145,35,80,94,32,20,32,9,3,0,4,5,3,5,2
,Eindhoven,GR2014_Eindhoven,Gemeenteraad Eindhoven 2014,0772,Eindhoven,2014-03-19,Stembureau Gemeenschapshuis de Lievendaal,0772::SB106,,0,479,2,7,1,0,0,438,51,0,0,0,1,0,0,489,58,36,52,42,21,106,58,22,23,7,10,0,5,10,3,18,8
,Eindhoven,GR2014_Eindhoven,Gemeenteraad Eindhoven 2014,0772,Eindhoven,2014-03-19,Stembureau Basisschool Onder de Wieken,0772::SB107,,0,515,7,0,0,0,0,470,52,0,0,0,0,0,0,522,67,83,71,42,33,55,51,32,35,5,6,0,3,18,2,6,6
,Eindhoven,GR2014_Eindhoven,Gemeenteraad Eindhoven 2014,0772,Eindhoven,2014-03-19,Stembureau Basisschool De Boschuil,0772::SB108,,0,673,2,1,0,0,0,611,65,0,0,0,0,0,0,676,79,171,109,53,22,55,40,51,34,17,9,1,5,15,2,8,2
,Eindhoven,GR2014_Eindhoven,Gemeenteraad Eindhoven 2014,0772,Eindhoven,2014-03-19,Stembureau Vrijetijdsaccomodatie Blixems,0772::SB109,,0,503,0,1,0,0,0,446,58,0,0,0,0,0,0,504,71,107,78,46,27,54,48,26,19,5,4,0,7,5,1,5,0
,Eindhoven,GR2014_Eindhoven,Gemeenteraad Eindhoven 2014,0772,Eindhoven,2014-03-19,Stembureau Basisschool de Vuurvlinder,0772::SB110,,0,499,1,2,0,2,0,444,56,0,0,2,0,0,0,500,73,105,78,37,27,51,20,26,36,7,4,0,4,9,0,14,8
,Eindhoven,GR2014_Eindhoven,Gemeenteraad Eindhoven 2014,0772,Eindhoven,2014-03-19,Stembureau Wijkgebouw Het Kraaiennest,0772::SB111,,0,771,5,1,0,0,0,714,63,0,0,0,0,0,0,777,119,97,134,44,69,124,59,16,34,12,11,2,8,16,5,10,11
,Eindhoven,GR2014_Eindhoven,Gemeenteraad Eindhoven 2014,0772,Eindhoven,2014-03-19,Stembureau De Hangar,0772::SB112,,0,522,2,1,0,0,0,473,52,0,0,0,0,0,0,525,85,128,65,29,28,39,60,23,20,6,16,1,2,7,3,6,4
,Eindhoven,GR2014_Eindhoven,Gemeenteraad Eindhoven 2014,0772,Eindhoven,2014-03-19,Stembureau De Stembus,0772::SB113,,0,385,2,1,0,0,0,359,29,0,0,0,0,0,0,388,44,78,137,7,38,24,13,2,7,13,9,0,1,7,1,4,0
,Eindhoven,GR2014_Eindhoven,Gemeenteraad Eindhoven 2014,0772,Eindhoven,2014-03-19,Stembureau de Bibliotheek,0772::SB114,,0,413,1,1,0,0,0,390,25,0,0,0,0,0,0,415,82,63,76,18,55,39,23,10,22,10,0,0,2,6,1,5,1
,Eindhoven,GR2014_Eindhoven,Gemeenteraad Eindhoven 2014,0772,Eindhoven,2014-03-19,Stembureau Jean Sibelius,0772::SB115,,0,564,4,1,0,0,0,535,34,0,0,0,0,0,0,569,82,57,71,24,55,106,70,30,24,12,4,0,4,8,3,7,7
