contest_name,managing_authority,election_id,election_name,election_domain_id,election_domain_name,election_date,station_name,station_id,postcode,cast,total_counted,rejected_blanco,rejected_ongeldig,uncounted_andere verklaring,uncounted_geen verklaring,uncounted_geldige kiezerspassen,uncounted_geldige stempassen,uncounted_geldige volmachtbewijzen,uncounted_meegenomen stembiljetten,uncounted_meer getelde stembiljetten,uncounted_minder getelde stembiljetten,uncounted_te veel uitgereikte stembiljetten,uncounted_te weinig uitgereikte stembiljetten,uncounted_toegelaten kiezers,Democraten 66 (D66),GROENLINKS,VVD,Partij van de Arbeid (P.v.d.A.),SP (Socialistische Partij),CDA,Stadsbelang Utrecht,ChristenUnie,Student & Starter,Partij voor de Dieren,Piratenpartij,PVV (Partij voor de Vrijheid),DENK,Seniorenpartij Utrecht,15,Evenwicht
,Utrecht,GR2018_Utrecht,Gemeenteraad Utrecht 2018,0344,Utrecht,2018-03-21,Stembureau Stadhuis,0344::SB1,3512 GG,1598,1406,3,5,0,3,0,1317,94,0,3,0,0,0,1411,374,389,188,83,34,50,20,35,119,85,2,8,0,6,4,9
,Utrecht,GR2018_Utrecht,Gemeenteraad Utrecht 2018,0344,Utrecht,2018-03-21,Stembureau Stadhuis,0344::SB2,3512 GG,1433,1458,6,15,0,0,0,1372,107,0,0,0,0,0,1479,341,414,186,78,36,49,22,61,99,108,15,22,3,4,3,17
,Utrecht,GR2018_Utrecht,Gemeenteraad Utrecht 2018,0344,Utrecht,2018-03-21,Stembureau TivoliVredenburg,0344::SB3,3511 WC,1459,1601,3,6,0,5,0,1501,114,0,0,5,0,0,1615,364,485,199,84,44,42,23,36,135,106,15,30,5,18,1,14
,Utrecht,GR2018_Utrecht,Gemeenteraad Utrecht 2018,0344,Utrecht,2018-03-21,Stembureau De Kargadoor,0344::SB4,3511 AP,1648,1598,5,4,0,0,0,1482,125,0,0,0,0,0,1607,368,453,219,102,54,46,28,62,110,97,18,21,7,3,0,10
,Utrecht,GR2018_Utrecht,Gemeenteraad Utrecht 2018,0344,Utrecht,2018-03-21,Stembureau Singelzicht,0344::SB5,3512 CR,1200,1110,3,5,0,1,0,1029,88,0,1,0,0,0,1117,278,358,148,60,35,28,12,27,71,60,8,8,4,4,1,8
,Utrecht,GR2018_Utrecht,Gemeenteraad Utrecht 2018,0344,Utrecht,2018-03-21,Stembureau ODBS Pieterskerkhof,0344::SB6,3512 JR,1425,634,3,1,0,0,0,592,46,0,0,0,0,0,638,137,182,79,53,13,24,14,32,29,45,7,8,1,5,2,3
,Utrecht,GR2018_Utrecht,Gemeenteraad Utrecht 2018,0344,Utrecht,2018-03-21,Stembureau Gymzaal,0344::SB7,3512 XG,1759,1233,5,7,0,0,0,1143,102,0,0,0,0,0,1245,293,348,162,81,42,63,19,39,51,84,10,20,4,12,1,4
,Utrecht,GR2018_Utrecht,Gemeenteraad Utrecht 2018,0344,Utrecht,2018-03-21,Stembureau Bartholomeus Gasthuis,0344::SB8,3511 PZ,528,860,4,2,0,0,0,802,64,0,0,0,0,0,866,148,288,89,88,43,32,7,25,23,79,7,16,0,7,0,8
,Utrecht,GR2018_Utrecht,Gemeenteraad Utrecht 2018,0344,Utrecht,2018-03-21,Stembureau ODBS Puntenburg,0344::SB9,3511 ER,244,316,0,0,0,0,0,288,28,0,0,0,0,0,316,75,85,45,27,8,14,6,13,12,11,4,6,0,6,0,4
,Utrecht,GR2018_Utrecht,Gemeenteraad Utrecht 2018,0344,Utrecht,2018-03-21,Stembureau De Nieuwe Vaart,0344::SB10,3511 MH,976,415,2,0,0,0,0,375,42,0,0,0,0,0,417,97,115,46,33,16,9,1,23,9,22,8,16,10,4,0,6
,Utrecht,GR2018_Utrecht,Gemeenteraad Utrecht 2018,0344,Utrecht,2018-03-21,Stembureau Meeting Gurus,0344::SB11,3531 AK,978,495,1,3,0,0,0,457,42,0,0,0,0,0,499,122,160,32,25,22,22,14,11,16,23,6,6,27,4,0,5
,Utrecht,GR2018_Utrecht,Gemeenteraad Utrecht 2018,0344,Utrecht,2018-03-21,Stembureau Parkschool,0344::SB12,3531 EJ,1651,1225,7,4,0,1,0,1097,138,0,1,0,0,0,1235,272,361,89,70,40,32,9,19,46,66,13,20,169,11,1,7
,Utrecht,GR2018_Utrecht,Gemeenteraad Utrecht 2018,0344,Utrecht,2018-03-21,Stembureau Chr. Jenaplanschool De Brug,0344::SB13,3531 JJ,981,715,1,5,10,0,0,646,65,0,10,0,0,0,711,174,217,55,55,23,20,14,21,29,49,5,20,24,6,0,3
,Utrecht,GR2018_Utrecht,Gemeenteraad Utrecht 2018,0344,Utrecht,2018-03-21,Stembureau Buurthuis Muntmeesters,0344::SB14,3531 HD,1449,874,3,2,0,2,0,823,59,1,0,3,0,0,882,235,281,73,55,21,30,16,23,34,61,6,15,11,6,1,6
,Utrecht,GR2018_Utrecht,Gemeenteraad Utrecht 2018,0344,Utrecht,2018-03-21,Stembureau De Wijkplaats,0344::SB15,3531 SE,1535,634,7,4,2,0,0,589,58,0,0,2,0,0,647,150,205,58,37,19,15,9,14,19,40,3,13,46,2,1,3
,Utrecht,GR2018_Utrecht,Gemeenteraad Utrecht 2018,0344,Utrecht,2018-03-21,Stembureau KBS De Catharijnepoort,0344::SB16,3532 VM,1774,708,0,3,0,12,0,673,50,0,0,12,0,0,723,182,209,66,44,28,27,10,16,30,40,6,5,37,2,1,5
,Utrecht,GR2018_Utrecht,Gemeenteraad Utrecht 2018,0344,Utrecht,2018-03-21,Stembureau KBS De Catharijnepoort,0344::SB17,3532 VM,1533,1112,9,1,4,0,0,1027,91,0,4,0,0,0,1118,267,344,120,73,45,25,19,29,44,62,12,20,38,6,0,8
,Utrecht,GR2018_Utrecht,Gemeenteraad Utrecht 2018,0344,Utrecht,2018-03-21,Stembureau Van Asch van Wijckschool,0344::SB18,3532 CX,1255,836,0,3,0,8,0,784,63,0,0,8,0,0,847,194,267,84,52,26,24,17,33,26,39,5,23,33,11,1,1
,Utrecht,GR2018_Utrecht,Gemeenteraad Utrecht 2018,0344,Utrecht,2018-03-21,Stembureau Chr. Jenaplanschool De Brug,0344::SB19,3531 JJ,1066,704,4,1,10,1,0,664,56,0,0,11,0,0,720,142,194,58,58,30,18,13,21,44,48,5,17,41,9,0,6
,Utrecht,GR2018_Utrecht,Gemeenteraad Utrecht 2018,0344,Utrecht,2018-03-21,Stembureau OBS De Catharijnepoort,0344::SB20,3532 HK,984,645,9,2,0,0,0,596,60,0,0,0,0,0,656,131,139,74,42,26,34,15,45,26,39,4,31,29,5,1,4
,Utrecht,GR2018_Utrecht,Gemeenteraad Utrecht 2018,0344,Utrecht,2018-03-21,Stembureau OBS De Catharijnepoort,0344::SB21,3532 HK,1631,700,1,3,0,0,0,649,55,0,0,0,0,0,704,137,193,43,31,27,35,23,56,23,58,9,31,21,5,0,8
,Utrecht,GR2018_Utrecht,Gemeenteraad Utrecht 2018,0344,Utrecht,2018-03-21,Stembureau Gymzaal OBS Oog in Al,0344::SB22,3533 TE,1429,888,2,2,0,1,0,812,81,0,0,1,0,0,893,186,216,99,67,43,69,19,33,21,46,5,10,57,8,0,9
,Utrecht,GR2018_Utrecht,Gemeenteraad Utrecht 2018,0344,Utrecht,2018-03-21,Stembureau Gymzaal Franz Schubertstraat,0344::SB23,3533 GW,760,1251,1,1,0,10,0,1134,129,0,0,10,0,0,1263,376,266,171,122,24,100,32,45,32,48,6,17,1,8,0,3
,Utrecht,GR2018_Utrecht,Gemeenteraad Utrecht 2018,0344,Utrecht,2018-03-21,Stembureau De Wartburg,0344::SB24,3533 KJ,1081,472,4,0,0,0,0,431,45,0,0,0,0,0,476,94,79,80,52,25,50,9,17,7,17,2,16,6,16,0,2
,Utrecht,GR2018_Utrecht,Gemeenteraad Utrecht 2018,0344,Utrecht,2018-03-21,Stembureau Park Welgelegen (hoofdingang),0344::SB25,3533 HD,1643,828,4,2,2,0,0,760,76,0,0,2,0,0,836,206,167,100,74,24,73,20,38,34,44,7,15,2,20,1,3
,Utrecht,GR2018_Utrecht,Gemeenteraad Utrecht 2018,0344,Utrecht,2018-03-21,Stembureau Buurtcentrum Oase,0344::SB26,3534 BA,1753,615,2,0,0,3,0,578,42,0,0,3,0,0,620,123,176,63,26,27,35,7,32,34,42,5,30,9,4,0,2
,Utrecht,GR2018_Utrecht,Gemeenteraad Utrecht 2018,0344,Utrecht,2018-03-21,Stembureau Ludgerschool,0344::SB27,3553 SR,1848,887,1,4,0,1,0,817,74,0,1,0,0,0,891,147,227,104,75,28,40,16,42,47,47,11,66,11,17,0,9
,Utrecht,GR2018_Utrecht,Gemeenteraad Utrecht 2018,0344,Utrecht,2018-03-21,Stembureau Buurthuis Zuilen,0344::SB28,3553 CX,1145,1032,5,5,0,0,0,962,80,0,0,0,0,0,1042,158,258,99,62,54,45,32,60,49,71,13,66,33,25,0,7
,Utrecht,GR2018_Utrecht,Gemeenteraad Utrecht 2018,0344,Utrecht,2018-03-21,Stembureau Bij Bosshardt (Leger des Heils),0344::SB29,3554 GE,1898,341,1,0,0,0,0,315,27,0,0,0,0,0,342,54,81,27,20,17,9,12,25,15,15,2,40,17,4,1,2
,Utrecht,GR2018_Utrecht,Gemeenteraad Utrecht 2018,0344,Utrecht,2018-03-21,Stembureau School De Kleine Vliegenier,0344::SB30,3555 AM,1998,916,1,4,0,0,0,835,86,0,0,0,0,0,921,145,152,81,77,55,43,24,53,17,46,10,99,80,25,0,9
,Utrecht,GR2018_Utrecht,Gemeenteraad Utrecht 2018,0344,Utrecht,2018-03-21,Stembureau Vorstelijk Complex,0344::SB31,3554 JK,1599,843,3,4,0,3,0,773,80,0,0,3,0,0,853,133,197,86,77,40,54,23,67,17,30,6,34,56,17,0,6
,Utrecht,GR2018_Utrecht,Gemeenteraad Utrecht 2018,0344,Utrecht,2018-03-21,Stembureau Gymlokaal Prof. H. Bavinckstraat,0344::SB32,3555 GS,2369,928,8,4,0,0,0,861,79,0,0,0,0,0,940,128,133,111,76,76,58,34,47,26,39,12,82,75,22,1,8
,Utrecht,GR2018_Utrecht,Gemeenteraad Utrecht 2018,0344,Utrecht,2018-03-21,Stembureau OBS De Cirkel,0344::SB34,3554 GJ,1516,690,6,3,0,0,0,615,84,0,0,0,0,0,699,121,170,58,42,33,33,17,35,3,39,6,22,92,12,0,7
,Utrecht,GR2018_Utrecht,Gemeenteraad Utrecht 2018,0344,Utrecht,2018-03-21,Stembureau Bibliotheek Zuilen,0344::SB35,3554 GL,2012,1376,5,9,0,1,0,1270,123,2,0,3,0,0,1393,207,293,103,98,64,80,26,59,42,74,24,80,187,28,2,9
,Utrecht,GR2018_Utrecht,Gemeenteraad Utrecht 2018,0344,Utrecht,2018-03-21,Stembureau Ludgerschool,0344::SB36,3554 AW,1764,867,7,4,0,4,0,793,89,0,0,4,0,0,882,133,198,86,49,54,41,24,27,32,38,7,82,82,7,2,5
,Utrecht,GR2018_Utrecht,Gemeenteraad Utrecht 2018,0344,Utrecht,2018-03-21,Stembureau KBS Wijzer aan de Vecht,0344::SB37,3554 VZ,1295,398,0,3,0,3,0,353,51,0,0,3,0,0,404,50,98,17,31,17,20,13,22,12,18,4,30,57,5,1,3
,Utrecht,GR2018_Utrecht,Gemeenteraad Utrecht 2018,0344,Utrecht,2018-03-21,Stembureau Gymzaal Amsterdamsestraatweg,0344::SB38,3513 AA,1716,1170,6,3,53,0,0,1138,94,0,0,53,0,0,1232,310,341,120,55,31,35,19,33,66,63,8,29,43,7,0,10
,Utrecht,GR2018_Utrecht,Gemeenteraad Utrecht 2018,0344,Utrecht,2018-03-21,Stembureau Gymzaal Amsterdamsestraatweg,0344::SB39,3513 AA,1650,936,1,4,0,0,0,813,80,0,48,0,0,0,893,245,247,105,40,28,37,17,18,57,62,3,19,43,10,1,4
,Utrecht,GR2018_Utrecht,Gemeenteraad Utrecht 2018,0344,Utrecht,2018-03-21,Stembureau Speeltuin Noordsepark,0344::SB40,3513 GW,2124,611,2,2,0,0,0,567,48,0,0,0,0,0,615,135,158,84,26,25,16,12,19,28,41,5,18,27,11,0,6
,Utrecht,GR2018_Utrecht,Gemeenteraad Utrecht 2018,0344,Utrecht,2018-03-21,Stembureau Buurthuis De Uithoek,0344::SB41,3551 EJ,1850,763,0,4,0,1,0,710,58,0,0,1,0,0,768,160,201,76,50,31,23,13,33,46,35,14,27,45,4,1,4
,Utrecht,GR2018_Utrecht,Gemeenteraad Utrecht 2018,0344,Utrecht,2018-03-21,Stembureau Wijkservicecentrum Noordwest,0344::SB42,3551 DJ,2077,1450,6,7,0,1,0,1365,99,0,0,1,0,0,1464,321,342,155,98,74,48,28,61,104,81,13,62,35,16,0,12
,Utrecht,GR2018_Utrecht,Gemeenteraad Utrecht 2018,0344,Utrecht,2018-03-21,Stembureau Gymzaal Opzoomerstraat,0344::SB43,3551 BP,1789,894,1,4,0,0,0,814,85,0,0,0,0,0,899,157,202,74,79,41,38,14,36,43,64,10,70,51,9,2,4
,Utrecht,GR2018_Utrecht,Gemeenteraad Utrecht 2018,0344,Utrecht,2018-03-21,Stembureau Taalschool Utrecht,0344::SB44,3552 EB,1937,935,5,2,0,0,0,845,97,0,0,0,0,0,942,174,216,100,45,61,41,20,38,21,36,6,80,77,10,0,10
,Utrecht,GR2018_Utrecht,Gemeenteraad Utrecht 2018,0344,Utrecht,2018-03-21,Stembureau Kerkcentrum Nicolaas Monica,0344::SB45,3552 CT,2085,654,3,3,0,1,0,613,49,0,0,2,0,0,662,86,127,48,27,49,23,21,29,38,29,8,76,70,18,0,5
,Utrecht,GR2018_Utrecht,Gemeenteraad Utrecht 2018,0344,Utrecht,2018-03-21,Stembureau Muziekhuis Utrecht,0344::SB47,3552 XE,1666,698,4,2,0,6,0,652,46,0,6,0,0,0,698,141,182,59,33,40,23,21,19,30,48,11,50,27,9,1,4
,Utrecht,GR2018_Utrecht,Gemeenteraad Utrecht 2018,0344,Utrecht,2018-03-21,Stembureau Ondernemingshuis Overvecht,0344::SB49,3561 VA,1580,569,3,3,0,0,0,513,62,0,0,0,0,0,575,75,88,43,31,23,44,12,62,26,27,2,42,79,10,0,5
,Utrecht,GR2018_Utrecht,Gemeenteraad Utrecht 2018,0344,Utrecht,2018-03-21,Stembureau Bibliotheek Overvecht,0344::SB50,3562 KW,1027,738,1,4,0,0,0,681,62,0,0,0,0,0,743,99,129,57,71,41,40,19,56,33,36,4,36,96,17,0,4
,Utrecht,GR2018_Utrecht,Gemeenteraad Utrecht 2018,0344,Utrecht,2018-03-21,Stembureau Bibliotheek Overvecht,0344::SB51,3562 KW,1133,654,8,2,0,0,0,607,57,0,0,0,0,0,664,96,122,55,47,34,47,21,24,21,37,5,40,95,9,0,1
,Utrecht,GR2018_Utrecht,Gemeenteraad Utrecht 2018,0344,Utrecht,2018-03-21,Stembureau Buurthuis de Jager,0344::SB52,3561 JK,1703,809,2,4,0,0,0,745,70,0,0,0,0,0,815,108,195,49,36,39,67,15,102,36,41,7,32,66,8,0,8
,Utrecht,GR2018_Utrecht,Gemeenteraad Utrecht 2018,0344,Utrecht,2018-03-21,Stembureau PC Basisschool Op Dreef,0344::SB53,3561 SB,1863,641,2,11,0,0,0,566,88,0,0,0,0,0,654,72,111,33,52,41,25,12,21,19,24,4,27,184,10,0,6
,Utrecht,GR2018_Utrecht,Gemeenteraad Utrecht 2018,0344,Utrecht,2018-03-21,Stembureau De Kantine,0344::SB54,3561 CB,1806,523,4,1,0,0,0,465,63,0,0,0,0,0,528,53,84,34,31,44,15,10,23,9,27,7,75,92,17,0,2
,Utrecht,GR2018_Utrecht,Gemeenteraad Utrecht 2018,0344,Utrecht,2018-03-21,Stembureau R.O.C. Kretadreef,0344::SB55,3562 VA,1371,381,1,4,0,0,0,337,49,0,0,0,0,0,386,36,41,25,20,35,19,8,18,5,12,1,42,106,10,0,3
,Utrecht,GR2018_Utrecht,Gemeenteraad Utrecht 2018,0344,Utrecht,2018-03-21,Stembureau SociÃ«teit Dombra,0344::SB56,3562 AL,1514,589,6,7,0,0,0,509,93,0,0,0,0,0,602,59,74,28,42,63,37,12,27,18,20,4,71,115,19,0,0
,Utrecht,GR2018_Utrecht,Gemeenteraad Utrecht 2018,0344,Utrecht,2018-03-21,Stembureau Wij 3.0,0344::SB57,3562 GN,1019,312,2,3,0,0,0,273,44,0,0,0,0,0,317,23,28,23,15,24,24,3,22,5,13,5,26,95,4,1,1
,Utrecht,GR2018_Utrecht,Gemeenteraad Utrecht 2018,0344,Utrecht,2018-03-21,Stembureau Zorgcentrum Zuylenstede,0344::SB58,3563 VA,1853,717,4,15,0,0,0,653,83,0,0,0,0,0,736,69,120,51,72,55,65,11,33,9,35,5,53,118,19,0,2
,Utrecht,GR2018_Utrecht,Gemeenteraad Utrecht 2018,0344,Utrecht,2018-03-21,Stembureau Huis aan de Vecht,0344::SB60,3563 TA,1997,780,6,4,0,0,0,709,81,0,0,0,0,0,790,78,109,69,69,51,72,13,59,4,53,5,70,102,20,2,4
,Utrecht,GR2018_Utrecht,Gemeenteraad Utrecht 2018,0344,Utrecht,2018-03-21,Stembureau Verpleeghuis Rosendael,0344::SB62,3564 GV,1559,623,3,4,0,0,0,557,73,0,0,0,0,0,630,63,87,48,41,48,50,15,33,11,15,6,58,121,24,0,3
,Utrecht,GR2018_Utrecht,Gemeenteraad Utrecht 2018,0344,Utrecht,2018-03-21,Stembureau Verpleeghuis Rosendael,0344::SB63,3564 GV,1768,554,2,8,0,0,0,504,60,0,0,0,0,0,564,47,64,33,45,61,38,10,24,10,21,1,32,152,14,0,2
,Utrecht,GR2018_Utrecht,Gemeenteraad Utrecht 2018,0344,Utrecht,2018-03-21,Stembureau Buurthuis De Boog,0344::SB64,3564 ES,1668,684,4,2,0,0,0,600,90,0,0,0,0,0,690,66,104,17,62,53,50,12,58,9,26,4,33,175,12,0,3
,Utrecht,GR2018_Utrecht,Gemeenteraad Utrecht 2018,0344,Utrecht,2018-03-21,Stembureau Katholieke basisschool Mattheus,0344::SB65,3564 RA,1812,598,2,5,0,0,0,518,87,0,0,0,0,0,605,57,96,24,64,43,43,3,30,14,15,2,52,139,11,0,5
,Utrecht,GR2018_Utrecht,Gemeenteraad Utrecht 2018,0344,Utrecht,2018-03-21,Stembureau OBS De Koekoek,0344::SB66,3514 TT,1429,887,2,1,0,3,0,815,78,0,0,3,0,0,893,274,257,118,51,24,24,14,24,30,46,1,9,5,1,1,8
,Utrecht,GR2018_Utrecht,Gemeenteraad Utrecht 2018,0344,Utrecht,2018-03-21,Stembureau St. Josephkerk,0344::SB67,3515 EM,967,886,2,2,0,0,0,826,67,0,0,3,0,0,893,197,265,118,55,41,31,9,26,40,48,4,14,13,17,0,8
,Utrecht,GR2018_Utrecht,Gemeenteraad Utrecht 2018,0344,Utrecht,2018-03-21,Stembureau OBS De Koekoek,0344::SB68,3514 TT,1421,961,2,7,0,3,0,885,82,0,3,0,0,0,967,281,281,133,62,21,24,9,21,35,58,5,14,5,9,0,3
,Utrecht,GR2018_Utrecht,Gemeenteraad Utrecht 2018,0344,Utrecht,2018-03-21,Stembureau Sportschool Olympia,0344::SB69,3515 AG,1395,853,2,1,0,1,0,792,63,0,1,0,0,0,855,223,237,109,39,36,27,13,24,39,50,4,25,13,4,2,8
,Utrecht,GR2018_Utrecht,Gemeenteraad Utrecht 2018,0344,Utrecht,2018-03-21,Stembureau Stadsboerderij/Speeltuin Griftsteede,0344::SB70,3514 XR,1460,1100,2,0,0,3,0,1016,89,0,0,3,0,0,1105,307,344,109,51,32,32,19,34,41,81,6,17,7,6,0,14
,Utrecht,GR2018_Utrecht,Gemeenteraad Utrecht 2018,0344,Utrecht,2018-03-21,Stembureau Gymzaal Maria van Reedestraat,0344::SB71,3515 XJ,1379,979,0,1,0,0,0,908,72,0,0,0,0,0,980,253,298,110,53,37,28,22,34,43,65,7,10,3,4,1,11
,Utrecht,GR2018_Utrecht,Gemeenteraad Utrecht 2018,0344,Utrecht,2018-03-21,Stembureau Buurthuis De Leeuw,0344::SB72,3515 EA,1392,800,2,6,0,0,0,753,55,0,0,0,0,0,808,120,233,68,51,51,23,5,46,48,41,7,28,60,8,0,11
,Utrecht,GR2018_Utrecht,Gemeenteraad Utrecht 2018,0344,Utrecht,2018-03-21,Stembureau Buurthuis De Leeuw,0344::SB73,3515 EA,1406,739,5,0,1,0,0,686,60,1,0,2,0,0,746,152,207,70,45,43,24,10,45,21,54,13,7,38,7,0,3
,Utrecht,GR2018_Utrecht,Gemeenteraad Utrecht 2018,0344,Utrecht,2018-03-21,Stembureau ZIMIHC theater Wittevrouwen,0344::SB74,3572 SP,1776,1222,3,2,0,1,0,1135,93,0,0,1,0,0,1228,297,354,192,80,44,49,15,31,57,66,5,15,3,6,1,7
,Utrecht,GR2018_Utrecht,Gemeenteraad Utrecht 2018,0344,Utrecht,2018-03-21,Stembureau Theaterhuis de Berenkuil,0344::SB75,3572 BP,1497,979,4,2,0,3,0,899,89,0,0,3,0,0,988,262,276,139,37,26,28,15,42,67,65,7,6,0,2,0,7
,Utrecht,GR2018_Utrecht,Gemeenteraad Utrecht 2018,0344,Utrecht,2018-03-21,Stembureau Jenaplanschool Wittevrouwen,0344::SB76,3572 HD,1829,1666,4,0,0,0,0,1505,165,0,0,0,0,0,1670,482,498,222,88,64,46,29,47,47,102,6,17,0,12,0,6
,Utrecht,GR2018_Utrecht,Gemeenteraad Utrecht 2018,0344,Utrecht,2018-03-21,Stembureau Jenaplanschool Wittevrouwen,0344::SB77,3572 TJ,1464,593,1,0,0,0,0,543,51,0,0,0,0,0,594,184,169,77,26,10,26,9,12,22,37,2,6,1,5,0,7
,Utrecht,GR2018_Utrecht,Gemeenteraad Utrecht 2018,0344,Utrecht,2018-03-21,Stembureau School Nimeto Utrecht,0344::SB78,3572 LP,1544,827,3,2,0,0,0,763,69,0,0,0,0,0,832,231,185,132,66,27,31,11,26,41,42,4,12,7,10,0,2
,Utrecht,GR2018_Utrecht,Gemeenteraad Utrecht 2018,0344,Utrecht,2018-03-21,Stembureau Nieuw Bleyenburg,0344::SB79,3572 LA,1856,1095,2,1,0,1,0,1015,84,0,0,1,0,0,1099,222,299,114,100,71,71,19,57,23,61,11,19,6,14,0,8
,Utrecht,GR2018_Utrecht,Gemeenteraad Utrecht 2018,0344,Utrecht,2018-03-21,Stembureau RK Kerk,0344::SB80,3571 VK,1622,1328,4,2,0,0,0,1234,107,0,0,7,0,0,1341,362,315,242,114,29,64,26,76,28,40,6,7,1,9,1,8
,Utrecht,GR2018_Utrecht,Gemeenteraad Utrecht 2018,0344,Utrecht,2018-03-21,Stembureau Jeruzalemkerk,0344::SB81,3571 NN,1575,1199,7,2,0,1,0,1146,61,0,1,0,0,0,1207,271,277,160,74,44,103,34,72,48,53,8,24,6,16,0,9
,Utrecht,GR2018_Utrecht,Gemeenteraad Utrecht 2018,0344,Utrecht,2018-03-21,Stembureau USV Hercules,0344::SB82,3573 PV,1523,952,2,1,0,1,0,864,90,0,1,0,0,0,954,292,208,165,67,34,46,32,24,21,24,11,14,2,9,0,3
,Utrecht,GR2018_Utrecht,Gemeenteraad Utrecht 2018,0344,Utrecht,2018-03-21,Stembureau OBS Voordorp,0344::SB83,3573 BK,1890,1217,3,1,0,2,0,1120,103,0,0,2,0,0,1223,242,333,136,120,63,86,22,38,16,60,8,54,19,17,1,2
,Utrecht,GR2018_Utrecht,Gemeenteraad Utrecht 2018,0344,Utrecht,2018-03-21,Stembureau Zorgcentrum Tuindorp-Oost,0344::SB84,3571 KE,1124,791,5,5,0,1,0,741,59,0,1,0,0,0,800,157,181,103,67,28,70,19,47,13,36,7,40,1,17,1,4
,Utrecht,GR2018_Utrecht,Gemeenteraad Utrecht 2018,0344,Utrecht,2018-03-21,Stembureau OBS Tuindorp,0344::SB85,3571 EN,1064,690,2,2,0,0,0,636,58,0,0,0,0,0,694,189,180,115,60,19,24,16,25,14,24,1,5,0,12,1,5
,Utrecht,GR2018_Utrecht,Gemeenteraad Utrecht 2018,0344,Utrecht,2018-03-21,Stembureau OBS Tuindorp,0344::SB86,3571 EN,943,756,0,0,0,2,0,674,84,0,0,2,0,0,758,269,151,132,72,9,32,12,21,11,27,1,10,0,4,1,4
,Utrecht,GR2018_Utrecht,Gemeenteraad Utrecht 2018,0344,Utrecht,2018-03-21,Stembureau Krammstate,0344::SB87,3571 AX,1402,777,3,7,0,0,0,752,35,0,0,0,0,0,787,185,206,71,30,18,31,6,30,119,36,8,22,5,2,0,8
,Utrecht,GR2018_Utrecht,Gemeenteraad Utrecht 2018,0344,Utrecht,2018-03-21,Stembureau Parnassos,0344::SB88,3581 GK,1117,925,3,1,0,1,0,874,54,0,1,0,0,0,928,220,269,93,63,42,27,17,48,55,51,4,19,1,7,1,8
,Utrecht,GR2018_Utrecht,Gemeenteraad Utrecht 2018,0344,Utrecht,2018-03-21,Stembureau Nieuwe Regentesseschool,0344::SB89,3581 GL,1722,856,3,1,0,0,0,802,58,0,0,0,0,0,860,227,239,119,60,32,18,20,17,38,60,3,11,1,4,2,5
,Utrecht,GR2018_Utrecht,Gemeenteraad Utrecht 2018,0344,Utrecht,2018-03-21,Stembureau Gymzaal Schoolplein,0344::SB90,3581 PX,1160,989,5,0,0,0,0,917,76,0,1,0,1,0,993,288,224,163,53,25,46,23,28,70,46,4,8,1,6,0,4
,Utrecht,GR2018_Utrecht,Gemeenteraad Utrecht 2018,0344,Utrecht,2018-03-21,Stembureau Podium Oost,0344::SB91,3581 LJ,1430,1596,8,13,0,1,0,1503,115,0,0,1,0,0,1618,392,430,239,108,57,59,38,39,73,98,9,18,5,18,3,10
,Utrecht,GR2018_Utrecht,Gemeenteraad Utrecht 2018,0344,Utrecht,2018-03-21,Stembureau Basisschool De Odyssee,0344::SB93,3581 MJ,1502,1155,6,1,0,0,0,1065,105,8,0,8,0,0,1170,304,314,200,66,41,48,16,32,35,64,5,10,4,6,0,10
,Utrecht,GR2018_Utrecht,Gemeenteraad Utrecht 2018,0344,Utrecht,2018-03-21,Stembureau Geerteschool,0344::SB94,3582 AX,1996,1118,3,3,1,0,0,1043,82,0,0,1,0,0,1125,290,305,131,46,30,38,26,26,72,103,13,14,4,17,0,3
,Utrecht,GR2018_Utrecht,Gemeenteraad Utrecht 2018,0344,Utrecht,2018-03-21,Stembureau Buurthuis Sterrenzicht,0344::SB95,3582 PL,1348,750,0,7,0,0,0,677,80,0,0,0,0,0,757,161,199,69,37,37,30,12,15,37,36,6,82,13,10,1,5
,Utrecht,GR2018_Utrecht,Gemeenteraad Utrecht 2018,0344,Utrecht,2018-03-21,Stembureau Gymzaal Burg. Fockema Andreaelaan,0344::SB96,3582 KA,1301,780,0,1,1,0,0,727,51,0,0,3,0,0,778,168,233,80,39,25,18,9,14,105,49,9,18,5,2,0,6
,Utrecht,GR2018_Utrecht,Gemeenteraad Utrecht 2018,0344,Utrecht,2018-03-21,Stembureau Gymzaal Burg. Fockema Andreaelaan,0344::SB97,3582 KA,1492,849,4,1,0,0,0,789,65,0,0,0,0,0,854,206,226,81,44,34,31,20,15,95,42,10,21,2,15,1,6
,Utrecht,GR2018_Utrecht,Gemeenteraad Utrecht 2018,0344,Utrecht,2018-03-21,Stembureau Prof. Kohnstammschool,0344::SB98,3582 HD,1427,704,2,0,0,1,0,642,65,0,0,1,0,0,707,182,182,95,48,15,39,20,29,23,39,4,11,8,5,0,4
,Utrecht,GR2018_Utrecht,Gemeenteraad Utrecht 2018,0344,Utrecht,2018-03-21,Stembureau Rode Kruis,0344::SB99,3582 GE,1147,742,1,2,0,0,0,698,48,1,0,1,0,0,746,152,203,65,55,44,28,12,30,26,79,10,18,5,10,1,4
,Utrecht,GR2018_Utrecht,Gemeenteraad Utrecht 2018,0344,Utrecht,2018-03-21,Stembureau Utrechtse Schoolvereniging,0344::SB100,3583 BP,1687,1466,2,3,1,0,0,1335,137,0,0,1,0,0,1472,363,383,237,127,60,61,23,61,34,67,6,22,4,9,1,8
,Utrecht,GR2018_Utrecht,Gemeenteraad Utrecht 2018,0344,Utrecht,2018-03-21,Stembureau De Hoogstraat Revalidatie,0344::SB101,3583 TM,1258,1220,5,2,0,0,0,1132,95,0,0,0,0,0,1227,335,336,181,74,42,38,19,48,47,65,5,13,1,10,2,4
,Utrecht,GR2018_Utrecht,Gemeenteraad Utrecht 2018,0344,Utrecht,2018-03-21,Stembureau Leger des Heils,0344::SB102,3581 CV,1687,782,0,1,0,0,0,698,86,1,0,1,0,0,784,217,189,133,59,20,25,10,30,30,50,5,2,2,5,0,5
,Utrecht,GR2018_Utrecht,Gemeenteraad Utrecht 2018,0344,Utrecht,2018-03-21,Stembureau Daltonschool Rijnsweerd,0344::SB103,3584 GV,1880,1134,0,7,0,0,0,1057,84,0,0,0,0,0,1141,297,258,207,88,24,55,26,27,62,57,9,10,3,8,0,3
,Utrecht,GR2018_Utrecht,Gemeenteraad Utrecht 2018,0344,Utrecht,2018-03-21,Stembureau University College Utrecht,0344::SB104,3584 EE,1487,793,1,6,0,1,0,761,38,0,1,0,0,0,799,194,248,110,52,13,18,6,24,77,28,7,4,5,1,0,6
,Utrecht,GR2018_Utrecht,Gemeenteraad Utrecht 2018,0344,Utrecht,2018-03-21,Stembureau Hogeschool Utrecht,0344::SB105,3584 CH,745,643,3,1,0,0,0,617,31,0,0,1,0,1,648,170,183,47,19,13,14,9,20,109,28,13,5,6,0,0,7
,Utrecht,GR2018_Utrecht,Gemeenteraad Utrecht 2018,0344,Utrecht,2018-03-21,Stembureau De Saffier,0344::SB106,3523 RC,1820,1298,4,8,0,0,0,1228,83,1,0,1,0,0,1311,292,359,109,74,74,52,31,48,85,89,9,32,21,12,2,9
,Utrecht,GR2018_Utrecht,Gemeenteraad Utrecht 2018,0344,Utrecht,2018-03-21,Stembureau Nivon Centrum,0344::SB107,3523 CL,1785,845,3,2,0,0,0,790,60,0,0,0,0,0,850,229,227,94,41,28,34,16,30,48,51,7,14,14,7,1,4
,Utrecht,GR2018_Utrecht,Gemeenteraad Utrecht 2018,0344,Utrecht,2018-03-21,Stembureau Sporthal Hoograven,0344::SB109,3523 KJ,1631,942,5,1,0,0,0,870,78,0,0,0,0,0,948,253,231,99,58,46,65,16,24,37,38,8,32,8,22,0,5
,Utrecht,GR2018_Utrecht,Gemeenteraad Utrecht 2018,0344,Utrecht,2018-03-21,Stembureau Scoutcentrum Utrecht,0344::SB110,3525 BL,1175,900,1,4,0,1,0,817,89,0,0,1,0,0,906,205,224,78,53,55,62,21,40,24,47,9,40,7,34,0,1
,Utrecht,GR2018_Utrecht,Gemeenteraad Utrecht 2018,0344,Utrecht,2018-03-21,Stembureau Kringloopcentrum De Arm,0344::SB111,3525 BB,1527,724,2,1,0,2,0,650,79,0,0,2,0,0,729,124,173,59,39,40,40,19,24,31,35,1,26,94,12,1,6
,Utrecht,GR2018_Utrecht,Gemeenteraad Utrecht 2018,0344,Utrecht,2018-03-21,Stembureau Wijkbureau Zuid,0344::SB112,3525 AA,1653,1051,6,9,0,3,0,959,110,0,0,3,0,0,1069,208,243,96,75,50,45,22,45,40,51,9,36,115,9,1,6
,Utrecht,GR2018_Utrecht,Gemeenteraad Utrecht 2018,0344,Utrecht,2018-03-21,Stembureau Wooncomplex Nieuw Plettenburgh,0344::SB113,3523 XZ,1605,791,5,7,0,3,0,733,67,0,3,0,0,0,800,173,201,70,52,45,54,20,40,16,45,9,34,15,11,0,6
,Utrecht,GR2018_Utrecht,Gemeenteraad Utrecht 2018,0344,Utrecht,2018-03-21,Stembureau School De Baanbreker,0344::SB114,3524 HH,1596,744,1,2,0,1,0,673,73,0,1,0,0,0,746,126,222,68,61,51,36,15,41,30,47,3,21,9,12,0,2
,Utrecht,GR2018_Utrecht,Gemeenteraad Utrecht 2018,0344,Utrecht,2018-03-21,Stembureau Gymzaal Goeree 6,0344::SB115,3524 ZZ,1390,566,2,0,0,0,0,516,52,0,0,0,0,0,568,75,203,32,33,39,28,15,24,18,49,6,16,10,13,1,4
,Utrecht,GR2018_Utrecht,Gemeenteraad Utrecht 2018,0344,Utrecht,2018-03-21,Stembureau Koppelsteede,0344::SB116,3524 SK,1801,795,1,4,0,0,0,736,64,0,0,0,0,0,800,102,265,49,51,57,39,29,37,18,58,13,51,6,17,3,0
,Utrecht,GR2018_Utrecht,Gemeenteraad Utrecht 2018,0344,Utrecht,2018-03-21,Stembureau Wooncomplex Nieuw Plettenburgh,0344::SB117,3523 XZ,1206,844,1,2,0,2,0,775,74,0,0,2,0,0,849,124,165,89,75,65,80,21,26,12,33,4,53,64,27,1,5
,Utrecht,GR2018_Utrecht,Gemeenteraad Utrecht 2018,0344,Utrecht,2018-03-21,Stembureau Wooncentrum De Koppel,0344::SB118,3524 BX,1788,831,6,5,0,0,0,804,38,0,0,0,0,0,842,146,264,46,51,38,25,14,41,69,69,12,27,13,9,1,6
,Utrecht,GR2018_Utrecht,Gemeenteraad Utrecht 2018,0344,Utrecht,2018-03-21,Stembureau Activiteitencentrum De Musketon,0344::SB119,3524 BP,1366,1662,8,6,0,2,0,1564,114,0,0,2,0,0,1678,281,511,126,112,96,70,35,82,88,123,13,51,31,29,2,12
,Utrecht,GR2018_Utrecht,Gemeenteraad Utrecht 2018,0344,Utrecht,2018-03-21,Stembureau Gymzaal Goeree 6,0344::SB120,3524 ZZ,1338,902,4,1,0,0,0,835,72,0,0,0,0,0,907,128,310,49,81,64,42,20,38,23,54,9,42,20,17,0,5
,Utrecht,GR2018_Utrecht,Gemeenteraad Utrecht 2018,0344,Utrecht,2018-03-21,Stembureau Revalidatiecentrum De Parkgraaf,0344::SB121,3526 KJ,1686,466,1,2,0,0,0,424,45,0,0,0,0,0,469,59,76,47,28,32,39,15,33,18,29,8,30,35,13,0,4
,Utrecht,GR2018_Utrecht,Gemeenteraad Utrecht 2018,0344,Utrecht,2018-03-21,Stembureau MBO Utrecht,0344::SB122,3526 AB,1863,429,2,8,0,2,0,360,77,0,2,0,0,0,437,43,60,20,26,39,20,7,27,17,13,3,12,136,3,1,2
,Utrecht,GR2018_Utrecht,Gemeenteraad Utrecht 2018,0344,Utrecht,2018-03-21,Stembureau Da Costaschool Kanaleneiland,0344::SB123,3526 VN,1930,961,9,10,0,5,0,802,173,0,5,0,0,0,975,104,130,42,47,40,40,9,61,43,21,6,30,376,9,1,2
,Utrecht,GR2018_Utrecht,Gemeenteraad Utrecht 2018,0344,Utrecht,2018-03-21,Stembureau R.O.C. Marco Pololaan,0344::SB125,3526 GJ,2103,873,7,4,0,8,0,789,87,0,8,0,0,0,876,163,191,71,40,26,28,13,36,69,42,11,11,158,3,0,11
,Utrecht,GR2018_Utrecht,Gemeenteraad Utrecht 2018,0344,Utrecht,2018-03-21,Stembureau Hart van Noord,0344::SB126,3527 BR,2133,896,3,15,0,0,0,766,149,1,0,1,0,0,915,123,134,42,34,29,38,9,37,28,25,6,14,367,7,0,3
,Utrecht,GR2018_Utrecht,Gemeenteraad Utrecht 2018,0344,Utrecht,2018-03-21,Stembureau School Rafael,0344::SB127,3527 BA,2190,640,5,6,0,2,0,496,153,0,2,0,0,0,649,75,67,20,35,28,19,2,27,11,20,4,12,316,4,0,0
,Utrecht,GR2018_Utrecht,Gemeenteraad Utrecht 2018,0344,Utrecht,2018-03-21,Stembureau Zorgcentrum De Bijnkershoek,0344::SB129,3527 XL,1606,695,6,2,0,1,0,653,51,0,0,1,0,0,704,129,113,69,50,37,53,14,43,31,39,7,43,44,17,2,4
,Utrecht,GR2018_Utrecht,Gemeenteraad Utrecht 2018,0344,Utrecht,2018-03-21,Stembureau Serviceflat De Keizershof,0344::SB130,3527 JK,1340,650,4,3,0,0,0,615,43,0,0,1,0,0,658,110,129,77,47,40,44,23,35,28,30,17,26,29,12,0,3
,Utrecht,GR2018_Utrecht,Gemeenteraad Utrecht 2018,0344,Utrecht,2018-03-21,Stembureau Parc Transwijk,0344::SB131,3526 XB,1469,677,4,1,0,0,0,633,49,0,0,0,0,0,682,60,107,53,61,49,68,21,26,22,37,4,59,80,24,1,5
,Utrecht,GR2018_Utrecht,Gemeenteraad Utrecht 2018,0344,Utrecht,2018-03-21,Stembureau W.G. van de Hulstschool,0344::SB132,3522 TM,1603,582,3,5,10,0,0,536,64,0,0,10,0,0,600,113,119,51,55,34,37,12,24,20,40,3,36,25,8,0,5
,Utrecht,GR2018_Utrecht,Gemeenteraad Utrecht 2018,0344,Utrecht,2018-03-21,Stembureau W.G. van de Hulstschool,0344::SB133,3522 TM,1403,522,2,3,0,0,0,459,58,0,10,0,0,0,517,96,111,53,46,28,50,16,11,8,32,1,43,15,11,0,1
,Utrecht,GR2018_Utrecht,Gemeenteraad Utrecht 2018,0344,Utrecht,2018-03-21,Stembureau Maaspleinschool,0344::SB134,3522 BV,1330,769,1,5,0,2,0,684,88,0,3,0,1,0,772,132,144,51,92,50,56,21,28,16,57,9,42,53,12,1,5
,Utrecht,GR2018_Utrecht,Gemeenteraad Utrecht 2018,0344,Utrecht,2018-03-21,Stembureau Maaspleinschool,0344::SB135,3522 BV,1494,725,5,7,0,2,0,665,74,0,0,2,0,0,739,114,168,37,65,46,62,14,29,17,46,9,42,66,7,0,3
,Utrecht,GR2018_Utrecht,Gemeenteraad Utrecht 2018,0344,Utrecht,2018-03-21,Stembureau R.O.C. Vondellaan,0344::SB136,3521 GH,1329,772,7,8,6,0,0,717,64,0,6,0,0,0,781,171,211,99,44,23,34,21,27,40,47,8,15,20,8,0,4
,Utrecht,GR2018_Utrecht,Gemeenteraad Utrecht 2018,0344,Utrecht,2018-03-21,Stembureau Gertrudisschool,0344::SB137,3522 AR,1346,862,2,0,0,0,0,785,79,0,0,0,0,0,864,233,216,89,67,26,36,16,22,36,43,5,31,20,17,0,5
,Utrecht,GR2018_Utrecht,Gemeenteraad Utrecht 2018,0344,Utrecht,2018-03-21,Stembureau R.O.C. Vondellaan,0344::SB138,3521 GH,879,695,2,1,8,0,0,655,51,0,0,8,0,0,706,170,169,77,48,24,27,14,26,31,45,6,23,21,6,0,8
,Utrecht,GR2018_Utrecht,Gemeenteraad Utrecht 2018,0344,Utrecht,2018-03-21,Stembureau Kindercluster Voorn,0344::SB139,3544 TT,1797,1193,3,1,0,0,0,1068,129,0,0,0,0,0,1197,269,249,214,76,24,65,59,54,14,50,7,44,34,28,1,5
,Utrecht,GR2018_Utrecht,Gemeenteraad Utrecht 2018,0344,Utrecht,2018-03-21,Stembureau OBS De Klimroos,0344::SB140,3544 AK,1383,812,2,3,11,0,0,747,81,0,0,11,0,0,828,146,139,123,43,47,58,35,36,11,45,3,61,45,16,0,4
,Utrecht,GR2018_Utrecht,Gemeenteraad Utrecht 2018,0344,Utrecht,2018-03-21,Stembureau Projecthuis De Kersentuin,0344::SB141,3544 VD,1701,876,6,4,1,0,0,777,110,0,0,1,0,0,887,126,190,130,42,39,60,45,41,9,60,3,61,49,15,0,6
,Utrecht,GR2018_Utrecht,Gemeenteraad Utrecht 2018,0344,Utrecht,2018-03-21,Stembureau Bibliotheek Parkwijk,0344::SB142,3541 BA,1665,920,1,1,0,2,0,785,139,0,0,2,0,0,924,154,149,117,45,29,45,35,46,13,39,9,51,168,17,0,3
,Utrecht,GR2018_Utrecht,Gemeenteraad Utrecht 2018,0344,Utrecht,2018-03-21,Stembureau Sportcampus,0344::SB143,3544 DA,1744,626,2,2,1,0,0,544,85,0,1,0,0,0,629,149,93,127,35,23,27,24,23,14,33,4,16,46,6,0,6
,Utrecht,GR2018_Utrecht,Gemeenteraad Utrecht 2018,0344,Utrecht,2018-03-21,Stembureau Wijkservicecentrum Vleuten-De Meern,0344::SB144,3451 BK,1091,653,4,2,0,1,0,605,56,1,0,2,0,0,661,98,70,165,34,25,84,33,37,5,32,1,36,2,27,1,3
,Utrecht,GR2018_Utrecht,Gemeenteraad Utrecht 2018,0344,Utrecht,2018-03-21,Stembureau St. Bonifatiusschool,0344::SB145,3455 SK,343,260,1,1,0,0,0,232,30,0,0,0,0,0,262,50,38,60,7,15,22,10,12,25,3,1,6,4,5,1,1
,Utrecht,GR2018_Utrecht,Gemeenteraad Utrecht 2018,0344,Utrecht,2018-03-21,Stembureau KOKO Kinderopvang,0344::SB146,3451 VD,1490,834,7,6,0,0,0,776,71,0,0,0,0,0,847,155,85,165,51,37,79,36,52,6,38,10,81,2,34,0,3
,Utrecht,GR2018_Utrecht,Gemeenteraad Utrecht 2018,0344,Utrecht,2018-03-21,Stembureau Fletiohal,0344::SB147,3451 EC,1600,924,3,2,1,0,0,845,85,0,0,1,0,0,930,138,87,194,55,31,113,46,51,13,44,8,92,19,26,1,6
,Utrecht,GR2018_Utrecht,Gemeenteraad Utrecht 2018,0344,Utrecht,2018-03-21,Stembureau Waterwin,0344::SB148,3543 BT,1608,1000,3,7,0,0,0,893,119,0,0,2,0,0,1012,230,136,251,68,17,59,41,37,10,52,5,39,43,9,1,2
,Utrecht,GR2018_Utrecht,Gemeenteraad Utrecht 2018,0344,Utrecht,2018-03-21,Stembureau Kerkestein,0344::SB149,3451 CC,1285,769,5,1,0,0,0,683,92,0,0,0,0,0,775,103,81,168,37,45,123,48,49,4,20,2,47,8,30,0,4
,Utrecht,GR2018_Utrecht,Gemeenteraad Utrecht 2018,0344,Utrecht,2018-03-21,Stembureau Sportcentrum Oudenrijn,0344::SB150,3451 HG,2047,1149,4,3,0,0,0,1008,148,0,0,0,0,0,1156,205,76,368,49,35,115,81,37,8,35,4,74,24,26,0,12
,Utrecht,GR2018_Utrecht,Gemeenteraad Utrecht 2018,0344,Utrecht,2018-03-21,Stembureau Vereenigingsgebouw De Zandweg,0344::SB151,3454 HA,1913,1001,5,3,0,0,0,895,114,0,0,0,0,0,1009,119,92,216,41,39,146,95,51,8,45,1,76,16,47,0,9
,Utrecht,GR2018_Utrecht,Gemeenteraad Utrecht 2018,0344,Utrecht,2018-03-21,Stembureau BSO Kronkel,0344::SB152,3454 CX,1758,1052,5,2,0,2,0,946,115,0,0,2,0,0,1061,144,101,219,50,38,130,116,72,14,49,5,75,10,27,0,2
,Utrecht,GR2018_Utrecht,Gemeenteraad Utrecht 2018,0344,Utrecht,2018-03-21,Stembureau Gymzaal Mereveldlaan,0344::SB153,3454 CA,1757,973,1,0,1,0,0,861,114,0,0,1,0,0,975,148,80,226,48,21,118,126,54,12,27,6,76,0,21,1,9
,Utrecht,GR2018_Utrecht,Gemeenteraad Utrecht 2018,0344,Utrecht,2018-03-21,Stembureau Dienstencentrum De Roef,0344::SB154,3454 GV,1216,750,3,5,0,2,0,693,63,0,2,0,0,0,756,89,70,149,47,25,127,79,45,12,28,4,45,0,24,0,6
,Utrecht,GR2018_Utrecht,Gemeenteraad Utrecht 2018,0344,Utrecht,2018-03-21,Stembureau Activiteitencentrum De Pijler,0344::SB155,3453 NP,1767,917,1,2,0,5,0,832,93,0,0,5,0,0,925,117,85,239,47,42,91,74,37,10,27,6,73,22,40,1,6
,Utrecht,GR2018_Utrecht,Gemeenteraad Utrecht 2018,0344,Utrecht,2018-03-21,Stembureau School De Bonte Berg,0344::SB156,3453 PH,1389,670,1,1,0,0,0,591,84,0,3,0,0,0,675,80,61,177,36,27,45,55,34,7,24,9,57,26,28,3,1
,Utrecht,GR2018_Utrecht,Gemeenteraad Utrecht 2018,0344,Utrecht,2018-03-21,Stembureau School De Bonte Berg,0344::SB157,3453 PH,1782,592,3,4,0,2,0,521,80,0,0,2,0,0,601,87,59,151,32,22,48,41,16,7,11,4,64,36,13,0,1
,Utrecht,GR2018_Utrecht,Gemeenteraad Utrecht 2018,0344,Utrecht,2018-03-21,Stembureau Gymzaal Ten Veldestraat,0344::SB158,3454 EN,1361,833,3,3,0,1,0,744,94,0,1,0,0,0,838,103,89,175,45,33,119,90,30,8,24,4,90,5,15,0,3
,Utrecht,GR2018_Utrecht,Gemeenteraad Utrecht 2018,0344,Utrecht,2018-03-21,Stembureau Paviljoen Wieler- en Skeelercentrum,0344::SB159,3546 PM,209,116,2,0,0,0,0,104,14,0,0,0,0,0,118,16,6,42,3,3,16,5,6,1,6,1,8,0,2,0,1
,Utrecht,GR2018_Utrecht,Gemeenteraad Utrecht 2018,0344,Utrecht,2018-03-21,Stembureau UW bedrijven,0344::SB160,3542 CA,125,178,0,0,0,0,0,158,20,0,0,0,0,0,178,18,25,32,11,21,18,3,3,0,9,1,16,9,12,0,0
,Utrecht,GR2018_Utrecht,Gemeenteraad Utrecht 2018,0344,Utrecht,2018-03-21,Stembureau Gymzaal De Twaalfruiter,0344::SB161,3452 SR,1963,848,7,0,0,2,0,738,119,0,0,2,0,0,857,164,74,271,29,12,62,59,32,8,28,4,35,41,21,0,8
,Utrecht,GR2018_Utrecht,Gemeenteraad Utrecht 2018,0344,Utrecht,2018-03-21,Stembureau Sportzaal Broos Gerssen,0344::SB163,3453 RD,1742,956,5,2,0,0,0,814,149,0,0,0,0,0,963,150,85,217,56,35,75,66,38,7,22,4,79,94,20,0,8
,Utrecht,GR2018_Utrecht,Gemeenteraad Utrecht 2018,0344,Utrecht,2018-03-21,Stembureau Kindercluster De Weide Wereld,0344::SB164,3452 CB,2015,1374,16,6,0,0,0,1196,200,0,0,0,0,0,1396,273,172,307,59,48,110,61,69,13,88,9,82,52,22,0,9
,Utrecht,GR2018_Utrecht,Gemeenteraad Utrecht 2018,0344,Utrecht,2018-03-21,Stembureau De Stits,0344::SB165,3452 DN,1972,520,2,3,0,0,0,455,71,1,0,1,0,0,526,91,46,154,23,14,38,27,25,5,23,4,36,15,16,1,2
,Utrecht,GR2018_Utrecht,Gemeenteraad Utrecht 2018,0344,Utrecht,2018-03-21,Stembureau Boogh Utrecht Leidsche Rijn,0344::SB166,3543 BR,1741,925,7,3,0,0,0,844,91,0,0,0,0,0,935,164,123,182,65,37,67,49,30,16,25,11,53,75,23,1,4
,Utrecht,GR2018_Utrecht,Gemeenteraad Utrecht 2018,0344,Utrecht,2018-03-21,Stembureau 't Zand,0344::SB167,3544 DB,1578,1115,1,5,0,1,0,972,150,0,0,1,0,0,1122,254,193,237,60,29,47,46,45,7,43,5,33,94,13,2,7
,Utrecht,GR2018_Utrecht,Gemeenteraad Utrecht 2018,0344,Utrecht,2018-03-21,Stembureau Zorgcentrum De Drie Ringen,0344::SB168,3544 NW,1961,851,3,3,0,1,0,752,104,0,1,0,0,0,856,158,112,174,42,38,74,36,36,6,40,1,46,54,28,0,6
,Utrecht,GR2018_Utrecht,Gemeenteraad Utrecht 2018,0344,Utrecht,2018-03-21,Stembureau Cultuurcampus Vleuterweide,0344::SB169,3452 MD,1991,1271,6,4,0,2,0,1143,140,0,0,2,0,0,1283,271,168,306,57,42,109,76,34,11,50,6,61,36,37,0,7
,Utrecht,GR2018_Utrecht,Gemeenteraad Utrecht 2018,0344,Utrecht,2018-03-21,Stembureau Brandweer Vleuterweide,0344::SB170,3451 WE,1770,689,6,1,0,1,0,617,78,0,1,0,0,0,695,144,66,177,23,35,43,54,35,12,24,2,32,15,24,1,2
,Utrecht,GR2018_Utrecht,Gemeenteraad Utrecht 2018,0344,Utrecht,2018-03-21,Stembureau W.C. van Unnikgebouw,0344::SB171,3584 CS,1169,1120,7,1,19,0,0,1091,56,0,0,19,0,0,1147,276,383,79,24,15,22,6,29,185,66,16,6,5,0,1,7
,Utrecht,GR2018_Utrecht,Gemeenteraad Utrecht 2018,0344,Utrecht,2018-03-21,Stembureau Kantoor MAX,0344::SB172,3526 WH,1506,1081,4,1,0,2,0,1044,44,0,0,2,0,0,1088,250,282,133,46,28,32,19,40,120,62,23,20,13,4,0,9
,Utrecht,GR2018_Utrecht,Gemeenteraad Utrecht 2018,0344,Utrecht,2018-03-21,Stembureau OBS De Klimroos,0344::SB173,3544 AK,1471,797,3,3,1,1,0,734,67,0,2,0,0,0,801,142,143,127,40,43,39,35,27,19,32,1,48,84,11,0,6
,Utrecht,GR2018_Utrecht,Gemeenteraad Utrecht 2018,0344,Utrecht,2018-03-21,Stembureau Sportcampus,0344::SB174,3544 DA,2010,672,1,2,0,2,0,568,109,0,0,2,0,0,677,146,115,110,34,19,41,17,32,16,35,3,22,69,4,0,9
,Utrecht,GR2018_Utrecht,Gemeenteraad Utrecht 2018,0344,Utrecht,2018-03-21,Stembureau Woonzorgcentrum Ingelanden,0344::SB175,3543 EB,1929,697,1,2,0,0,0,618,82,0,0,0,0,0,700,116,99,149,49,26,34,18,43,19,37,15,27,41,15,0,9
,Utrecht,GR2018_Utrecht,Gemeenteraad Utrecht 2018,0344,Utrecht,2018-03-21,Stembureau W.C. van Unnikgebouw,0344::SB176,3584 CS,657,1462,8,2,11,0,0,1405,56,0,11,0,0,0,1461,344,477,104,46,17,33,13,51,243,86,12,8,12,2,2,12
,Utrecht,GR2018_Utrecht,Gemeenteraad Utrecht 2018,0344,Utrecht,2018-03-21,Stembureau De Wijkplaats,0344::SB177,3531 SE,1888,682,1,1,2,0,0,619,63,0,2,0,0,0,682,139,209,64,48,24,22,8,21,28,45,5,13,44,8,0,4
,Utrecht,GR2018_Utrecht,Gemeenteraad Utrecht 2018,0344,Utrecht,2018-03-21,Stembureau Gymzaal Franz Schubertstraat,0344::SB178,3533 GW,1307,882,1,3,0,2,0,812,72,0,2,0,0,0,884,262,229,87,82,22,69,19,30,21,32,5,8,5,1,0,10
,Utrecht,GR2018_Utrecht,Gemeenteraad Utrecht 2018,0344,Utrecht,2018-03-21,Stembureau Sportcentrum De Paperclip,0344::SB179,3451 GX,1759,822,4,1,0,0,0,703,124,0,0,0,0,0,827,189,116,204,22,21,69,42,31,9,29,2,37,18,21,1,11
,Utrecht,GR2018_Utrecht,Gemeenteraad Utrecht 2018,0344,Utrecht,2018-03-21,Stembureau KBS Op De Groene Alm,0344::SB180,3541 SC,1594,788,1,4,0,0,0,689,104,0,0,0,0,0,793,166,131,169,28,14,38,43,30,13,24,8,21,89,7,0,7
,Utrecht,GR2018_Utrecht,Gemeenteraad Utrecht 2018,0344,Utrecht,2018-03-21,Stembureau Waterwin,0344::SB181,3543 BT,1736,938,9,4,0,0,0,831,120,0,0,0,0,0,951,232,115,219,54,28,50,38,28,9,33,17,36,65,8,0,6
,Utrecht,GR2018_Utrecht,Gemeenteraad Utrecht 2018,0344,Utrecht,2018-03-21,Stembureau OBS De Kleine Dichter,0344::SB182,3521 EX,1646,1583,9,2,0,0,0,1441,153,0,0,0,0,0,1594,418,420,246,98,43,90,29,35,59,79,13,27,8,14,0,4
,Utrecht,GR2018_Utrecht,Gemeenteraad Utrecht 2018,0344,Utrecht,2018-03-21,Stembureau Centraal Station,0344::SB183,3511 CE,0,1796,10,8,1,0,0,1711,102,0,1,0,0,0,1813,454,537,203,75,42,58,26,66,158,86,20,19,28,8,2,14
,Utrecht,GR2018_Utrecht,Gemeenteraad Utrecht 2018,0344,Utrecht,2018-03-21,Stembureau Stadskantoor,0344::SB184,3521 AZ,1313,1962,7,8,0,5,0,1823,159,0,0,5,0,0,1982,482,517,239,118,61,63,32,73,127,108,22,32,59,8,4,17
,Utrecht,GR2018_Utrecht,Gemeenteraad Utrecht 2018,0344,Utrecht,2018-03-21,Stembureau Zwembad De Kwakel,0344::SB185,3563 AX,1786,834,4,8,0,0,0,777,68,0,1,0,1,0,845,121,134,85,40,53,47,16,50,39,53,8,44,125,8,4,7
,Utrecht,GR2018_Utrecht,Gemeenteraad Utrecht 2018,0344,Utrecht,2018-03-21,Stembureau Centraal Station,0344::SB186,3511 CE,0,1674,8,1,0,0,0,1601,82,0,0,0,0,0,1683,410,519,217,63,33,45,20,72,120,111,14,20,13,7,2,8
,Utrecht,GR2018_Utrecht,Gemeenteraad Utrecht 2018,0344,Utrecht,2018-03-21,Stembureau ODBS Pieterskerkhof,0344::SB187,3512 JR,1187,687,2,1,3,0,0,634,53,0,3,0,0,0,687,140,214,82,48,27,26,8,39,25,66,3,2,3,2,0,2
,Utrecht,GR2018_Utrecht,Gemeenteraad Utrecht 2018,0344,Utrecht,2018-03-21,Stembureau Bartholomeus Gasthuis,0344::SB188,3511 PZ,1007,856,2,2,0,0,0,814,46,0,0,0,0,0,860,199,287,75,46,32,23,14,42,48,59,7,13,0,4,2,5
,Utrecht,GR2018_Utrecht,Gemeenteraad Utrecht 2018,0344,Utrecht,2018-03-21,Stembureau HNK (Het Nieuwe Kantoor),0344::SB189,3511 MJ,1195,724,4,1,0,0,0,678,51,0,0,0,0,0,729,196,179,131,45,16,21,19,25,22,46,4,12,0,5,0,3
,Utrecht,GR2018_Utrecht,Gemeenteraad Utrecht 2018,0344,Utrecht,2018-03-21,Stembureau Wijkservicecentrum Vleuten-De Meern,0344::SB190,3451 BK,1022,758,2,1,0,2,0,687,76,0,0,2,0,0,763,100,99,171,40,29,102,53,41,3,23,3,58,3,28,0,5
,Utrecht,GR2018_Utrecht,Gemeenteraad Utrecht 2018,0344,Utrecht,2018-03-21,Stembureau Mobiel stembureau 1,0344::SB201,,0,121,0,0,0,0,0,104,17,0,0,0,0,0,121,10,28,8,11,3,4,5,2,5,3,0,13,23,6,0,0
,Utrecht,GR2018_Utrecht,Gemeenteraad Utrecht 2018,0344,Utrecht,2018-03-21,Stembureau Mobiel stembureau 2,0344::SB202,,0,253,0,3,0,0,0,232,24,0,0,0,0,0,256,48,59,23,15,13,15,3,12,17,19,7,1,21,0,0,0
,Utrecht,GR2018_Utrecht,Gemeenteraad Utrecht 2018,0344,Utrecht,2018-03-21,Stembureau Mobiel stembureau 3,0344::SB203,,0,184,1,0,0,0,0,169,16,0,0,0,0,0,185,31,55,9,7,10,7,8,7,13,9,1,13,9,5,0,0
